TrainOrTest,Target,Location,Data split ratio,Median,OW,OW*,CWM,CEWM,SSIN,SSDE,RegE,RegC,RegS,Lambda_RegE,Lambda_RegC,Lambda_RegS
Train,1,1,1,-0.1891,0.4991,0.3129,-0.0569,0.1100,0.2624,0.2886,0.0000,0.2638,0.2886,,,
Train,1,1,2,0.0483,0.3444,0.2260,0.1864,0.1451,0.2098,0.2098,0.0083,0.1917,0.2126,,,
Train,1,1,3,0.1028,0.3064,0.2382,0.1962,0.1846,0.2308,0.2308,0.3064,0.2021,0.2325,,,
Train,1,1,4,-0.0510,0.3870,0.3480,0.2936,0.2644,0.3225,0.3267,0.2246,0.2966,0.3299,,,
Train,1,1,5,-0.0584,0.2987,0.2530,0.2022,0.1841,0.2341,0.2341,0.2987,0.2327,0.2373,,,
Train,1,1,6,0.0159,0.3192,0.2821,0.2247,0.1874,0.2626,0.2626,0.3192,0.2268,0.2634,,,
Train,1,1,7,-0.0059,0.2508,0.2359,0.2004,0.1683,0.2213,0.2213,0.2508,0.2049,0.2227,,,
Train,1,1,8,-0.0138,0.2181,0.2020,0.1713,0.1642,0.1956,0.1956,0.2181,0.1942,0.1956,,,
Train,1,1,9,-0.0064,0.1910,0.1774,0.1603,0.1553,0.1728,0.1728,0.0101,0.1605,0.1729,,,
Train,1,2,1,0.0740,0.5488,0.3020,0.2493,0.2336,0.3014,0.3014,0.0000,0.2696,0.3020,,,
Train,1,2,2,0.0969,0.3688,0.2816,0.2720,0.2603,0.2808,0.2808,0.2049,0.2720,0.2808,,,
Train,1,2,3,0.1118,0.3449,0.2548,0.2350,0.2354,0.2542,0.2542,0.3449,0.2350,0.2947,,,
Train,1,2,4,0.1066,0.3029,0.2046,0.1822,0.1585,0.2034,0.2034,0.3029,0.1822,0.2034,,,
Train,1,2,5,0.1132,0.3390,0.2314,0.2080,0.1440,0.2280,0.2280,0.3390,0.2126,0.2282,,,
Train,1,2,6,0.1083,0.3072,0.2259,0.2079,0.1498,0.2247,0.2247,0.3072,0.2079,0.2247,,,
Train,1,2,7,0.1041,0.2988,0.2242,0.2048,0.1517,0.2223,0.2223,0.2988,0.2048,0.2341,,,
Train,1,2,8,0.0987,0.2807,0.2182,0.2011,0.1474,0.2170,0.2170,0.2807,0.2035,0.2188,,,
Train,1,2,9,0.0840,0.2492,0.1957,0.1814,0.1339,0.1932,0.1932,0.2492,0.1814,0.1932,,,
Train,1,3,1,-0.0403,0.6551,0.2780,0.2670,0.2402,0.2778,0.2778,0.0000,0.2676,0.2779,,,
Train,1,3,2,-0.0063,0.4522,0.2481,0.2426,0.1838,0.2418,0.2418,0.4522,0.2807,0.2887,,,
Train,1,3,3,0.0277,0.3345,0.2211,0.2098,0.1531,0.2208,0.2208,0.3345,0.2155,0.2336,,,
Train,1,3,4,0.0251,0.2460,0.1826,0.1578,0.1175,0.1820,0.1820,0.1165,0.1583,0.1822,,,
Train,1,3,5,0.0144,0.2260,0.1899,0.1606,0.1147,0.1880,0.1880,0.2260,0.1625,0.1880,,,
Train,1,3,6,0.0273,0.2290,0.2055,0.1879,0.1298,0.2044,0.2044,0.2290,0.1883,0.2046,,,
Train,1,3,7,0.0105,0.2168,0.1871,0.1738,0.1124,0.1862,0.1862,0.2168,0.1739,0.1863,,,
Train,1,3,8,-0.0009,0.1986,0.1363,0.0938,0.0755,0.1268,0.1317,0.1986,0.1986,0.1318,,,
Train,1,3,9,0.0168,0.2173,0.1693,0.1538,0.0995,0.1680,0.1680,0.2173,0.1550,0.1681,,,
Train,1,4,1,0.0117,0.6761,0.3347,0.1127,0.1154,0.2987,0.3035,0.3333,0.1288,0.3612,,,
Train,1,4,2,0.1067,0.5325,0.3400,0.2123,0.1937,0.2792,0.2792,0.5325,0.5325,0.2847,,,
Train,1,4,3,0.1325,0.3428,0.2842,0.1883,0.1761,0.2675,0.2675,0.3428,0.2073,0.2731,,,
Train,1,4,4,0.0141,0.3333,0.2263,0.1704,0.1291,0.2200,0.2200,0.1375,0.1716,0.2259,,,
Train,1,4,5,0.0139,0.2731,0.2095,0.1631,0.1364,0.2060,0.2060,0.0503,0.1635,0.2191,,,
Train,1,4,6,0.0241,0.3419,0.2157,0.1871,0.1648,0.2142,0.2142,0.3419,0.1876,0.2499,,,
Train,1,4,7,0.0262,0.3228,0.2067,0.1790,0.1572,0.2038,0.2038,0.3228,0.1902,0.2043,,,
Train,1,4,8,0.0167,0.2987,0.2034,0.1731,0.1564,0.2003,0.2003,0.1694,0.1843,0.2079,,,
Train,1,4,9,0.0271,0.2723,0.1927,0.1686,0.1634,0.1909,0.1909,0.2723,0.1686,0.1949,,,
Train,1,5,1,-0.0761,0.7947,0.4650,0.1805,0.2612,0.3975,0.3675,0.7637,0.7640,0.7634,,,
Train,1,5,2,-0.0442,0.4573,0.2869,0.0081,0.1527,0.2564,0.2342,0.0632,0.0933,0.2349,,,
Train,1,5,3,-0.0593,0.3610,0.2450,-0.0073,0.1682,0.1873,0.1873,0.0508,0.3610,0.2156,,,
Train,1,5,4,-0.0353,0.2723,0.2160,0.0558,0.1103,0.1721,0.1721,0.0038,0.1143,0.1761,,,
Train,1,5,5,-0.0103,0.2473,0.2025,0.0896,0.1110,0.1587,0.1629,0.0468,0.0905,0.1738,,,
Train,1,5,6,0.0073,0.2927,0.2424,0.1560,0.1118,0.1804,0.1772,0.2927,0.1562,0.2341,,,
Train,1,5,7,0.0090,0.2782,0.2238,0.1519,0.1097,0.1721,0.1712,0.2782,0.1576,0.1712,,,
Train,1,5,8,0.0169,0.2636,0.2145,0.1556,0.1094,0.1747,0.1747,0.2636,0.1559,0.1748,,,
Train,1,5,9,0.0313,0.2731,0.2283,0.1802,0.1349,0.1984,0.1984,0.2731,0.1802,0.1984,,,
Train,1,6,1,-0.0307,0.5667,0.2353,0.1496,0.1261,0.2333,0.2333,0.0047,0.2016,0.2816,,,
Train,1,6,2,0.0587,0.3997,0.2449,0.2046,0.2315,0.2329,0.2329,0.0000,0.2046,0.2329,,,
Train,1,6,3,0.0022,0.3555,0.2537,0.1717,0.1951,0.2345,0.2417,0.0781,0.1782,0.2417,,,
Train,1,6,4,-0.0166,0.2588,0.1323,-0.0198,0.0416,0.1115,0.1229,0.0965,0.0990,0.1308,,,
Train,1,6,5,-0.0462,0.2518,0.1373,-0.0140,0.0192,0.1248,0.1248,0.0000,-0.0140,0.1248,,,
Train,1,6,6,-0.0626,0.3429,0.1833,0.0749,0.0691,0.1614,0.1614,0.0027,0.0750,0.1618,,,
Train,1,6,7,-0.0638,0.2951,0.1765,0.0684,0.0655,0.1542,0.1542,0.0138,0.0829,0.1620,,,
Train,1,6,8,-0.0523,0.2881,0.1767,0.0790,0.0719,0.1524,0.1524,0.0000,0.0906,0.1685,,,
Train,1,6,9,-0.0360,0.2433,0.1660,0.0934,0.0706,0.1541,0.1541,0.0601,0.1094,0.1599,,,
Train,1,7,1,-0.0112,0.6363,0.2707,0.1737,0.1706,0.2262,0.2262,0.0307,0.1737,0.2262,,,
Train,1,7,2,0.0506,0.4713,0.2762,0.2174,0.1264,0.2536,0.2536,0.4713,0.2174,0.2536,,,
Train,1,7,3,0.0530,0.3327,0.2028,0.1738,0.1477,0.1825,0.1864,0.3327,0.1938,0.1864,,,
Train,1,7,4,0.0741,0.3423,0.2768,0.2013,0.1841,0.2472,0.2609,0.3423,0.2638,0.2653,,,
Train,1,7,5,0.0646,0.3834,0.2887,0.2177,0.1992,0.2532,0.2742,0.3834,0.3834,0.2764,,,
Train,1,7,6,0.0454,0.3195,0.2239,0.1946,0.1707,0.2127,0.2127,0.0142,0.2077,0.2190,,,
Train,1,7,7,0.0474,0.2894,0.2152,0.1907,0.1656,0.2044,0.2044,0.2894,0.1906,0.2028,,,
Train,1,7,8,0.0466,0.2547,0.1967,0.1770,0.1528,0.1877,0.1877,0.0162,0.1857,0.1890,,,
Train,1,7,9,0.0569,0.2567,0.1958,0.1788,0.1569,0.1917,0.1917,0.2567,0.1788,0.1917,,,
Train,1,8,1,-0.0393,0.7134,0.2830,-0.2652,0.1658,0.2564,0.2564,0.0000,-0.2652,0.2564,,,
Train,1,8,2,-0.0535,0.4845,0.2687,-0.5058,0.1398,0.2297,0.2297,0.0381,0.4845,0.3303,,,
Train,1,8,3,-0.0732,0.4443,0.2512,-0.5254,0.1299,0.1807,0.1807,0.4443,0.4443,0.2500,,,
Train,1,8,4,0.0613,0.3045,0.2306,0.0907,0.1867,0.2161,0.2183,0.1177,0.1163,0.2211,,,
Train,1,8,5,0.0354,0.1865,0.1238,-0.0130,0.0808,0.1142,0.1142,0.0423,-0.0130,0.1150,,,
Train,1,8,6,0.0073,0.1892,0.1191,-0.0045,0.0757,0.1096,0.1139,0.0054,0.0598,0.1144,,,
Train,1,8,7,0.0034,0.1858,0.1150,-0.0210,0.0665,0.0965,0.1101,0.1858,0.1858,0.1103,,,
Train,1,8,8,0.0050,0.1811,0.1166,0.0046,0.0662,0.1002,0.1120,0.1811,0.1811,0.1122,,,
Train,1,8,9,0.0207,0.1531,0.1007,0.0249,0.0624,0.0911,0.0980,0.0036,0.0498,0.0983,,,
Train,1,9,1,-0.1170,0.5009,0.2761,-0.0831,0.0119,0.2113,0.2190,0.0201,0.0086,0.2218,,,
Train,1,9,2,-0.0767,0.2851,0.1791,-0.0923,0.0684,0.1353,0.1613,0.0000,-0.0233,0.1613,,,
Train,1,9,3,-0.0130,0.1454,0.0904,0.0267,0.0567,0.0700,0.0715,0.0565,0.0381,0.0715,,,
Train,1,9,4,0.1119,0.2759,0.1994,0.1758,0.1572,0.1878,0.1933,0.1326,0.1813,0.1951,,,
Train,1,9,5,0.0184,0.1622,0.1174,0.0661,0.0810,0.1060,0.1084,0.0000,0.0946,0.1119,,,
Train,1,9,6,-0.0079,0.1837,0.1557,0.0893,0.1262,0.1471,0.1499,0.0000,0.1390,0.1502,,,
Train,1,9,7,-0.0134,0.1612,0.1408,0.0732,0.1148,0.1288,0.1302,0.1131,0.0732,0.1308,,,
Train,1,9,8,-0.0145,0.1607,0.1390,0.0583,0.1084,0.1246,0.1298,0.0662,0.1022,0.1316,,,
Train,1,9,9,-0.0116,0.1164,0.1046,0.0254,0.0756,0.0948,0.1016,0.0863,0.0254,0.1017,,,
Train,1,10,1,0.0345,0.6941,0.2859,0.1811,0.1449,0.2427,0.2427,0.0245,0.2421,0.2768,,,
Train,1,10,2,-0.0245,0.5566,0.2786,0.1493,0.1576,0.2701,0.2701,0.5566,0.5566,0.5566,,,
Train,1,10,3,-0.0169,0.4068,0.2374,0.1613,0.1589,0.2332,0.2332,0.4068,0.4068,0.4068,,,
Train,1,10,4,-0.0166,0.3899,0.2265,0.1606,0.1542,0.2188,0.2188,0.3899,0.3899,0.3899,,,
Train,1,10,5,-0.0217,0.3171,0.2117,0.1813,0.1621,0.2010,0.2010,0.3171,0.3171,0.3171,,,
Train,1,10,6,-0.0119,0.3037,0.1999,0.1668,0.1521,0.1892,0.1892,0.3037,0.3037,0.3037,,,
Train,1,10,7,-0.0206,0.2879,0.1960,0.1692,0.1559,0.1872,0.1852,0.2879,0.2879,0.2879,,,
Train,1,10,8,-0.0234,0.2614,0.1927,0.1686,0.1466,0.1830,0.1842,0.2614,0.2614,0.1996,,,
Train,1,10,9,-0.0188,0.2165,0.1701,0.1456,0.1262,0.1586,0.1651,0.2165,0.1456,0.1651,,,
Train,1,11,1,-0.0566,0.6984,0.2849,0.2221,0.2003,0.2605,0.2615,0.0422,0.3216,0.2635,,,
Train,1,11,2,-0.0220,0.4228,0.2861,0.2132,0.1409,0.2489,0.2489,0.0000,0.2132,0.2489,,,
Train,1,11,3,-0.0934,0.3177,0.2277,0.1657,0.0817,0.2107,0.2107,0.3177,0.1678,0.2137,,,
Train,1,11,4,-0.0301,0.2488,0.1207,0.0268,0.0554,0.1094,0.0944,0.0501,0.0343,0.0952,,,
Train,1,11,5,-0.0595,0.2522,0.1162,0.0129,0.0297,0.0989,0.0984,0.2522,0.2522,0.0984,,,
Train,1,11,6,-0.0155,0.3007,0.1656,0.1008,0.0738,0.1455,0.1469,0.3007,0.3007,0.3007,,,
Train,1,11,7,-0.0105,0.2915,0.1659,0.1045,0.0787,0.1479,0.1579,0.2915,0.2915,0.2915,,,
Train,1,11,8,-0.0015,0.2696,0.1665,0.0971,0.0914,0.1509,0.1503,0.2696,0.2696,0.2696,,,
Train,1,11,9,0.0126,0.2824,0.1773,0.1251,0.1030,0.1614,0.1664,0.2824,0.2824,0.2824,,,
Train,2,1,1,0.7016,0.8869,0.8223,0.7406,0.7185,0.8105,0.8068,0.0000,0.7406,0.8068,,,
Train,2,1,2,0.5582,0.8111,0.6863,0.5613,0.5434,0.6677,0.6677,0.0000,0.5613,0.6677,,,
Train,2,1,3,0.4251,0.6129,0.5128,0.4009,0.3849,0.5085,0.5085,0.0000,0.4009,0.5085,,,
Train,2,1,4,0.2928,0.5049,0.4641,0.2661,0.2441,0.4278,0.4367,0.0006,0.2661,0.4375,,,
Train,2,1,5,0.2532,0.4737,0.4406,0.2399,0.2091,0.3962,0.4041,0.4737,0.2399,0.4082,,,
Train,2,1,6,0.2066,0.4078,0.3581,0.1923,0.1390,0.3368,0.3534,0.4078,0.1923,0.3534,,,
Train,2,1,7,0.1991,0.3597,0.3166,0.1811,0.1384,0.3042,0.3076,0.3597,0.1811,0.3076,,,
Train,2,1,8,0.1743,0.3201,0.2801,0.1605,0.1117,0.2629,0.2605,0.3201,0.1605,0.2605,,,
Train,2,1,9,0.1560,0.2984,0.2487,0.1448,0.0927,0.2284,0.2319,0.2984,0.2984,0.2319,,,
Train,2,2,1,0.3085,0.7933,0.5243,0.3380,0.2925,0.4924,0.4924,0.0000,0.3380,0.4924,,,
Train,2,2,2,0.2886,0.5617,0.4280,0.3221,0.2798,0.4008,0.4012,0.5617,0.3229,0.4023,,,
Train,2,2,3,0.2494,0.4770,0.3843,0.2847,0.2292,0.3557,0.3557,0.4770,0.2858,0.3557,,,
Train,2,2,4,0.2000,0.4520,0.3498,0.2427,0.2136,0.3304,0.3304,0.4520,0.4520,0.3326,,,
Train,2,2,5,0.1355,0.4146,0.3108,0.1637,0.1357,0.2749,0.2749,0.0045,0.1883,0.2749,,,
Train,2,2,6,0.1195,0.3850,0.3029,0.1599,0.1294,0.2741,0.2741,0.0000,0.1637,0.2741,,,
Train,2,2,7,0.1188,0.3826,0.3029,0.1619,0.1258,0.2749,0.2749,0.0000,0.1619,0.2749,,,
Train,2,2,8,0.1172,0.3569,0.2841,0.1542,0.1207,0.2619,0.2619,0.0211,0.1542,0.2619,,,
Train,2,2,9,0.1104,0.3086,0.2512,0.1376,0.1143,0.2323,0.2323,0.3086,0.1724,0.2323,,,
Train,2,3,1,0.2049,0.8479,0.5614,0.1121,0.0811,0.5123,0.5123,0.0000,0.1121,0.5123,,,
Train,2,3,2,0.2020,0.7072,0.4478,0.1497,0.0866,0.4255,0.4255,0.7072,0.7072,0.4255,,,
Train,2,3,3,0.2075,0.6220,0.4196,0.1183,0.0511,0.4040,0.4040,0.6220,0.6220,0.6220,,,
Train,2,3,4,0.0940,0.4501,0.3321,0.0443,0.0259,0.3168,0.3168,0.0000,0.0443,0.3168,,,
Train,2,3,5,0.0660,0.3616,0.2598,0.0187,-0.0003,0.2497,0.2497,0.0000,0.0187,0.2540,,,
Train,2,3,6,0.0525,0.3347,0.2474,0.0611,0.1132,0.2166,0.2347,0.0000,0.0611,0.2347,,,
Train,2,3,7,0.0674,0.2877,0.2138,0.0426,0.0403,0.1757,0.1944,0.0017,0.0426,0.1944,,,
Train,2,3,8,0.0323,0.2360,0.1532,-0.0323,0.0019,0.1287,0.1314,0.0000,-0.0138,0.1314,,,
Train,2,3,9,0.0104,0.2397,0.1506,0.0543,0.0585,0.1210,0.1338,0.0000,0.0630,0.1338,,,
Train,2,4,1,0.7901,0.9515,0.8393,0.7781,0.7748,0.8347,0.8287,0.5320,0.7949,0.8303,,,
Train,2,4,2,0.7402,0.8534,0.8109,0.7199,0.7087,0.8049,0.8049,0.8534,0.7199,0.8049,,,
Train,2,4,3,0.6668,0.7660,0.7292,0.6273,0.6142,0.7159,0.7159,0.7660,0.6273,0.7159,,,
Train,2,4,4,0.5027,0.6090,0.5486,0.4649,0.4493,0.5158,0.5196,0.6090,0.4776,0.5317,,,
Train,2,4,5,0.4757,0.5642,0.5131,0.4391,0.4258,0.4821,0.4861,0.5642,0.4391,0.5052,,,
Train,2,4,6,0.3687,0.4923,0.4235,0.3360,0.3248,0.3836,0.3761,0.3116,0.3794,0.3982,,,
Train,2,4,7,0.3643,0.4714,0.4094,0.3326,0.3209,0.3690,0.3718,0.3070,0.3326,0.3770,,,
Train,2,4,8,0.3515,0.4414,0.3913,0.3192,0.3073,0.3536,0.3534,0.2968,0.3562,0.3748,,,
Train,2,4,9,0.3362,0.4037,0.3541,0.3006,0.2900,0.3278,0.3286,0.2752,0.3006,0.3286,,,
Train,2,5,1,0.2489,0.8909,0.5151,0.3368,0.2912,0.4928,0.4928,0.0001,0.3368,0.5037,,,
Train,2,5,2,0.2478,0.5890,0.4619,0.2915,0.2523,0.4421,0.4421,0.0003,0.2926,0.4421,,,
Train,2,5,3,0.1059,0.4047,0.3597,0.2374,0.1711,0.3111,0.3111,0.0554,0.2374,0.3111,,,
Train,2,5,4,0.0935,0.3192,0.2503,0.1660,0.1298,0.2150,0.2161,0.0013,0.1704,0.2185,,,
Train,2,5,5,0.0929,0.2879,0.2367,0.1401,0.1098,0.1906,0.1908,0.0000,0.1470,0.1908,,,
Train,2,5,6,0.0554,0.3179,0.2280,0.1223,0.0660,0.1552,0.1594,0.0008,0.1237,0.1610,,,
Train,2,5,7,0.0561,0.2802,0.1989,0.1177,0.0658,0.1488,0.1516,0.0029,0.1227,0.1537,,,
Train,2,5,8,0.0507,0.2431,0.1829,0.1120,0.0585,0.1377,0.1456,0.0013,0.1145,0.1456,,,
Train,2,5,9,0.0489,0.2077,0.1742,0.1207,0.0886,0.1337,0.1374,0.0000,0.1207,0.1374,,,
Train,2,6,1,0.5792,0.5150,0.6553,0.5377,0.5203,0.6320,0.6418,0.0140,0.5378,0.6445,,,
Train,2,6,2,0.5138,0.8110,0.5762,0.4660,0.4400,0.5658,0.5689,0.8110,0.4660,0.5689,,,
Train,2,6,3,0.3404,0.6836,0.3816,0.2988,0.2864,0.3422,0.3343,0.6836,0.6836,0.6836,,,
Train,2,6,4,0.2696,0.4830,0.3044,0.2347,0.2285,0.2757,0.2835,0.4830,0.2430,0.2848,,,
Train,2,6,5,0.2477,0.4400,0.2874,0.2099,0.2149,0.2528,0.2599,0.4400,0.2287,0.2641,,,
Train,2,6,6,0.1586,0.4510,0.2896,0.1149,0.1229,0.2296,0.2443,0.4510,0.4510,0.4510,,,
Train,2,6,7,0.1549,0.4242,0.2759,0.1140,0.1209,0.2258,0.2390,0.4242,0.4242,0.4242,,,
Train,2,6,8,0.1456,0.3952,0.2632,0.1084,0.1106,0.2165,0.2315,0.3952,0.3952,0.3952,,,
Train,2,6,9,0.1419,0.3318,0.2369,0.1001,0.1051,0.1847,0.2059,0.3318,0.3318,0.2059,,,
Train,2,7,1,-0.0043,0.7276,0.3683,0.1168,0.0817,0.2926,0.3385,0.0286,0.3029,0.3431,,,
Train,2,7,2,0.0474,0.6483,0.4163,0.1818,0.1778,0.3781,0.3781,0.6483,0.3391,0.3781,,,
Train,2,7,3,-0.0161,0.5036,0.3220,0.1972,0.1842,0.3017,0.3093,0.5036,0.1972,0.3093,,,
Train,2,7,4,-0.0125,0.4276,0.2822,0.2021,0.1370,0.2285,0.2679,0.4276,0.2021,0.2679,,,
Train,2,7,5,-0.0352,0.3550,0.2201,0.1144,0.0961,0.1647,0.2030,0.3550,0.1144,0.2030,,,
Train,2,7,6,-0.0426,0.2641,0.1945,0.0743,0.1206,0.1637,0.1636,0.0000,0.0752,0.1648,,,
Train,2,7,7,-0.0386,0.2245,0.1720,0.0666,0.1016,0.1439,0.1496,0.1248,0.0669,0.1499,,,
Train,2,7,8,-0.0378,0.2174,0.1556,0.0452,0.0858,0.1261,0.1304,0.0000,0.0459,0.1304,,,
Train,2,7,9,-0.0251,0.1847,0.1458,0.0613,0.0906,0.1228,0.1253,0.1847,0.0625,0.1253,,,
Train,2,8,1,0.2966,0.8172,0.5518,0.2971,0.2479,0.5127,0.5127,0.0000,0.3624,0.5127,,,
Train,2,8,2,0.2868,0.5912,0.4876,0.2634,0.2337,0.4452,0.4323,0.5912,0.2634,0.4323,,,
Train,2,8,3,0.1960,0.5288,0.4268,0.2618,0.2185,0.3788,0.3560,0.5288,0.2618,0.3560,,,
Train,2,8,4,0.0708,0.3774,0.2672,0.1178,0.1804,0.2165,0.2204,0.3774,0.1184,0.2208,,,
Train,2,8,5,0.0537,0.2937,0.1747,0.0731,0.0572,0.1290,0.1339,0.2937,0.2937,0.1345,,,
Train,2,8,6,-0.0197,0.2866,0.1713,0.0591,0.0226,0.1128,0.1305,0.2866,0.2866,0.1313,,,
Train,2,8,7,0.0133,0.2963,0.1757,0.0343,0.0711,0.1265,0.1446,0.2963,0.2963,0.2963,,,
Train,2,8,8,0.0170,0.2947,0.1823,0.0522,0.0748,0.1306,0.1541,0.2947,0.2947,0.2947,,,
Train,2,8,9,0.0143,0.2284,0.1428,0.0000,0.0372,0.1151,0.1261,0.2284,0.2284,0.1261,,,
Train,2,9,1,0.6889,0.9406,0.7662,0.6306,0.6687,0.7156,0.7173,0.0002,0.6306,0.7449,,,
Train,2,9,2,0.6521,0.7998,0.7129,0.6002,0.6017,0.6800,0.6810,0.0139,0.6261,0.6810,,,
Train,2,9,3,0.5132,0.5533,0.5165,0.4482,0.4718,0.5034,0.5055,0.0000,0.4482,0.5055,,,
Train,2,9,4,0.3538,0.5267,0.4215,0.2682,0.2813,0.4188,0.4136,0.0000,0.2682,0.4136,,,
Train,2,9,5,0.2881,0.4104,0.3234,0.2037,0.2364,0.3065,0.3122,0.0007,0.2037,0.3122,,,
Train,2,9,6,0.1967,0.3883,0.2850,0.1055,0.1506,0.2737,0.2692,0.0011,0.1296,0.2692,,,
Train,2,9,7,0.1940,0.3699,0.2767,0.1047,0.1506,0.2616,0.2612,0.0000,0.1086,0.2612,,,
Train,2,9,8,0.1870,0.3591,0.2686,0.0930,0.1438,0.2513,0.2526,0.0000,0.1098,0.2541,,,
Train,2,9,9,0.1748,0.3116,0.2454,0.0824,0.1372,0.2370,0.2346,0.0000,0.0824,0.2346,,,
Train,2,10,1,0.0781,0.9264,0.3967,0.1534,0.0447,0.3694,0.3711,0.0000,0.1534,0.3711,,,
Train,2,10,2,0.0265,0.5921,0.3620,0.1127,0.0395,0.3203,0.3203,0.5921,0.5921,0.3203,,,
Train,2,10,3,0.0203,0.4687,0.3102,0.1193,0.0548,0.2703,0.2703,0.4687,0.4687,0.2703,,,
Train,2,10,4,-0.0340,0.3950,0.2518,0.1685,0.0762,0.2365,0.2365,0.3950,0.3950,0.2365,,,
Train,2,10,5,-0.0514,0.3182,0.2268,0.1738,0.1203,0.1918,0.1973,0.3182,0.1738,0.1973,,,
Train,2,10,6,-0.0587,0.3008,0.2184,0.1618,0.1344,0.1881,0.1896,0.3008,0.3008,0.1896,,,
Train,2,10,7,-0.0181,0.3004,0.2371,0.1769,0.1193,0.2132,0.2143,0.3004,0.3004,0.2143,,,
Train,2,10,8,-0.0205,0.2501,0.2156,0.1567,0.1250,0.1894,0.1932,0.2501,0.1567,0.1981,,,
Train,2,10,9,-0.0148,0.2006,0.1748,0.1178,0.1133,0.1600,0.1607,0.2006,0.1364,0.1607,,,
Train,2,11,1,0.6367,-2.1811,0.7797,0.5973,0.5872,0.7404,0.7320,0.0606,0.7428,0.7320,,,
Train,2,11,2,0.5720,0.8029,0.7505,0.5745,0.5510,0.6810,0.6810,0.8029,0.5745,0.6810,,,
Train,2,11,3,0.4751,0.6868,0.6383,0.4585,0.4345,0.5812,0.5914,0.6868,0.5704,0.5976,,,
Train,2,11,4,0.2986,0.5707,0.4444,0.3040,0.2804,0.4070,0.4163,0.5707,0.3062,0.4163,,,
Train,2,11,5,0.2212,0.4939,0.3761,0.2207,0.2142,0.3237,0.3165,0.0277,0.2280,0.3165,,,
Train,2,11,6,0.1608,0.4894,0.3763,0.1605,0.1847,0.2898,0.3026,0.4894,0.1649,0.3026,,,
Train,2,11,7,0.1576,0.4547,0.3479,0.1541,0.1778,0.2815,0.2941,0.4547,0.1671,0.2994,,,
Train,2,11,8,0.1425,0.4337,0.3312,0.1428,0.1616,0.2678,0.2848,0.4337,0.1703,0.2929,,,
Train,2,11,9,0.1244,0.3949,0.2877,0.1234,0.1344,0.2470,0.2519,0.3949,0.1452,0.2549,,,
Train,3,1,1,0.7773,0.9641,0.8892,0.8082,0.8054,0.8784,0.8794,0.1190,0.8082,0.8873,,,
Train,3,1,2,0.6204,0.7863,0.7285,0.6241,0.6090,0.7218,0.7225,0.7863,0.6534,0.7323,,,
Train,3,1,3,0.3716,0.5865,0.4436,0.3448,0.3299,0.4392,0.4392,0.0288,0.3933,0.4392,,,
Train,3,1,4,0.3321,0.5213,0.4396,0.3068,0.2967,0.4273,0.4123,0.0000,0.3068,0.4123,,,
Train,3,1,5,0.3058,0.4887,0.4214,0.2834,0.2684,0.4061,0.3814,0.4887,0.2834,0.3814,,,
Train,3,1,6,0.2464,0.4194,0.3476,0.1859,0.1780,0.3098,0.3278,0.4194,0.1859,0.3278,,,
Train,3,1,7,0.2421,0.3941,0.3372,0.1848,0.1768,0.3120,0.3151,0.3941,0.1848,0.3151,,,
Train,3,1,8,0.2208,0.3736,0.3085,0.1587,0.1507,0.2875,0.2926,0.3736,0.1587,0.2926,,,
Train,3,1,9,0.1982,0.3515,0.2803,0.1277,0.1208,0.2560,0.2609,0.3515,0.3515,0.2609,,,
Train,3,2,1,0.3258,0.8389,0.6079,0.3882,0.3387,0.5738,0.5738,0.0000,0.3882,0.5738,,,
Train,3,2,2,0.3833,0.6715,0.5429,0.4204,0.3908,0.5089,0.4982,0.6715,0.4349,0.5133,,,
Train,3,2,3,0.3499,0.5882,0.4876,0.3680,0.3344,0.4470,0.4470,0.5882,0.3680,0.4519,,,
Train,3,2,4,0.2708,0.5567,0.4247,0.3050,0.2546,0.3921,0.3921,0.5567,0.5567,0.3949,,,
Train,3,2,5,0.2033,0.5068,0.3697,0.2389,0.1935,0.3314,0.3278,0.5068,0.2470,0.3304,,,
Train,3,2,6,0.1856,0.4831,0.3642,0.2321,0.1761,0.3266,0.3238,0.4831,0.4831,0.4831,,,
Train,3,2,7,0.1823,0.4749,0.3581,0.2265,0.1707,0.3178,0.3173,0.4749,0.4749,0.4749,,,
Train,3,2,8,0.1813,0.4531,0.3431,0.2203,0.1653,0.3087,0.3088,0.4531,0.4531,0.4531,,,
Train,3,2,9,0.1722,0.3998,0.3224,0.2134,0.1626,0.2819,0.2878,0.3998,0.3998,0.3998,,,
Train,3,3,1,0.4228,0.8250,0.6710,0.3462,0.3431,0.6033,0.6246,0.0000,0.3462,0.6246,,,
Train,3,3,2,0.3843,0.6882,0.5585,0.3441,0.3295,0.5391,0.5391,0.0000,0.3441,0.5391,,,
Train,3,3,3,0.3375,0.6324,0.5048,0.2671,0.2495,0.4791,0.4791,0.6324,0.3073,0.5315,,,
Train,3,3,4,0.2645,0.5387,0.4491,0.1791,0.1594,0.4312,0.4312,0.0000,0.1791,0.4312,,,
Train,3,3,5,0.2260,0.4458,0.3852,0.1435,0.1268,0.3707,0.3707,0.0000,0.1435,0.3707,,,
Train,3,3,6,0.1761,0.3995,0.3498,0.0866,0.0646,0.3299,0.3367,0.1282,0.0866,0.3367,,,
Train,3,3,7,0.1887,0.3688,0.3200,0.1051,0.0903,0.3000,0.3060,0.1286,0.1917,0.3060,,,
Train,3,3,8,0.1631,0.3106,0.2684,0.1017,0.0993,0.2507,0.2480,0.1268,0.2071,0.2480,,,
Train,3,3,9,0.0917,0.2984,0.2365,0.0569,0.0321,0.2123,0.2123,0.2984,0.1912,0.2133,,,
Train,3,4,1,0.7863,0.5633,0.8565,0.7734,0.7707,0.8422,0.8422,0.7125,0.7734,0.8422,,,
Train,3,4,2,0.7316,0.8621,0.8357,0.7169,0.7041,0.8270,0.8270,0.8621,0.7421,0.8292,,,
Train,3,4,3,0.5636,0.7416,0.6672,0.5347,0.5247,0.6321,0.6321,0.7416,0.5983,0.6674,,,
Train,3,4,4,0.5158,0.6823,0.5724,0.4803,0.4644,0.5501,0.5501,0.6823,0.4853,0.5506,,,
Train,3,4,5,0.4908,0.6216,0.5378,0.4560,0.4421,0.5132,0.5171,0.6216,0.4877,0.5194,,,
Train,3,4,6,0.3941,0.5143,0.4434,0.3571,0.3442,0.4096,0.4122,0.5143,0.3571,0.4167,,,
Train,3,4,7,0.3905,0.4988,0.4301,0.3549,0.3414,0.4059,0.4091,0.4988,0.3836,0.4153,,,
Train,3,4,8,0.3786,0.4704,0.4124,0.3419,0.3286,0.3934,0.3949,0.4704,0.3419,0.3949,,,
Train,3,4,9,0.3588,0.4377,0.3810,0.3239,0.3098,0.3704,0.3711,0.4377,0.3537,0.3735,,,
Train,3,5,1,0.1032,0.9186,0.4826,0.0985,0.0686,0.4209,0.4162,0.0377,0.3637,0.4318,,,
Train,3,5,2,0.1349,0.6659,0.3922,0.0725,0.0498,0.3471,0.3608,0.6659,0.6659,0.3608,,,
Train,3,5,3,-0.0270,0.4907,0.3225,0.0206,0.0316,0.2580,0.2612,0.0047,0.0503,0.2666,,,
Train,3,5,4,0.0018,0.3756,0.2174,-0.0311,-0.0089,0.1962,0.1962,0.0000,-0.0311,0.1962,,,
Train,3,5,5,0.0236,0.3484,0.2164,-0.0231,0.0091,0.1799,0.1779,0.3484,0.3484,0.1779,,,
Train,3,5,6,0.0152,0.3590,0.2294,0.0186,-0.0235,0.1619,0.1516,0.3590,0.3590,0.1516,,,
Train,3,5,7,0.0210,0.3116,0.1900,0.0151,-0.0165,0.1617,0.1617,0.3116,0.3116,0.1617,,,
Train,3,5,8,0.0125,0.2565,0.1543,-0.0058,-0.0272,0.1316,0.1316,0.2565,0.2565,0.1316,,,
Train,3,5,9,0.0044,0.1887,0.1308,0.0345,-0.0037,0.1100,0.1100,0.1887,0.0577,0.1100,,,
Train,3,6,1,0.6807,0.9210,0.7709,0.6704,0.6602,0.7484,0.7484,0.3200,0.6704,0.7484,,,
Train,3,6,2,0.6037,0.8435,0.6850,0.5907,0.5766,0.6724,0.6725,0.8435,0.5943,0.6725,,,
Train,3,6,3,0.3866,0.6689,0.4402,0.3538,0.3520,0.4003,0.3970,0.6689,0.6689,0.6689,,,
Train,3,6,4,0.3693,0.5467,0.3962,0.3365,0.3435,0.3773,0.3775,0.5467,0.3365,0.3775,,,
Train,3,6,5,0.3633,0.5301,0.3939,0.3357,0.3380,0.3599,0.3657,0.5301,0.3520,0.3698,,,
Train,3,6,6,0.2513,0.5087,0.3577,0.2252,0.2160,0.3137,0.3236,0.5087,0.5087,0.5087,,,
Train,3,6,7,0.2514,0.4879,0.3430,0.2251,0.2163,0.3095,0.3167,0.4879,0.4879,0.4879,,,
Train,3,6,8,0.2388,0.4576,0.3300,0.2192,0.2111,0.2923,0.3048,0.4576,0.4576,0.4576,,,
Train,3,6,9,0.2388,0.3951,0.3108,0.2166,0.2125,0.2769,0.2874,0.3951,0.3951,0.3951,,,
Train,3,7,1,0.0772,0.8720,0.3233,0.0645,0.0901,0.2857,0.3033,0.0000,0.0645,0.3033,,,
Train,3,7,2,0.1001,0.6294,0.3658,0.1102,0.0812,0.3425,0.3425,0.6294,0.6294,0.3425,,,
Train,3,7,3,-0.0201,0.5382,0.2761,0.1893,0.1651,0.2576,0.2617,0.5382,0.5382,0.2676,,,
Train,3,7,4,-0.0630,0.4365,0.2365,0.1749,0.1294,0.1993,0.2206,0.4365,0.1761,0.2227,,,
Train,3,7,5,-0.0696,0.3839,0.1892,0.0776,0.1178,0.1471,0.1667,0.3839,0.3839,0.3839,,,
Train,3,7,6,-0.1216,0.3626,0.2077,-0.0433,0.0389,0.1888,0.1888,0.3626,0.3626,0.2024,,,
Train,3,7,7,-0.1102,0.3131,0.1853,-0.0602,0.0325,0.1355,0.1513,0.3131,0.3131,0.1513,,,
Train,3,7,8,-0.1033,0.3107,0.1756,-0.0840,0.0191,0.1220,0.1291,0.3107,0.3107,0.3107,,,
Train,3,7,9,-0.0795,0.2132,0.1434,-0.0372,0.0043,0.1123,0.1228,0.2132,0.0961,0.1252,,,
Train,3,8,1,0.3956,0.8465,0.6682,0.3720,0.3854,0.5445,0.5806,0.0047,0.4791,0.5908,,,
Train,3,8,2,0.4079,0.7220,0.6396,0.3323,0.3749,0.5302,0.5493,0.7220,0.3660,0.5533,,,
Train,3,8,3,0.1609,0.5733,0.4517,0.2263,0.1771,0.3392,0.3209,0.5733,0.2263,0.3604,,,
Train,3,8,4,0.0508,0.4004,0.2958,0.1587,0.0685,0.2639,0.2639,0.4004,0.1595,0.2640,,,
Train,3,8,5,0.1148,0.3584,0.2511,0.0806,0.1177,0.2173,0.2173,0.3584,0.3584,0.2173,,,
Train,3,8,6,0.0290,0.3256,0.2190,-0.0129,0.0292,0.1540,0.1636,0.3256,0.3256,0.1640,,,
Train,3,8,7,0.0867,0.3499,0.2258,0.0056,0.0766,0.1861,0.1954,0.3499,0.3499,0.1967,,,
Train,3,8,8,0.0885,0.3539,0.2367,0.0187,0.0798,0.1932,0.2028,0.3539,0.3539,0.3539,,,
Train,3,8,9,0.0702,0.2792,0.1889,0.0009,0.0613,0.1677,0.1745,0.2792,0.2792,0.1745,,,
Train,3,9,1,0.6533,0.6163,0.8238,0.6292,0.6338,0.7725,0.7497,0.0000,0.6293,0.7497,,,
Train,3,9,2,0.6271,0.8364,0.7547,0.6124,0.6117,0.7291,0.7342,0.0000,0.6456,0.7368,,,
Train,3,9,3,0.4247,0.5439,0.5011,0.3888,0.3904,0.4798,0.4826,0.0000,0.3932,0.4826,,,
Train,3,9,4,0.3079,0.5125,0.4374,0.2456,0.3037,0.4309,0.4214,0.0000,0.2456,0.4225,,,
Train,3,9,5,0.2622,0.4078,0.3613,0.2079,0.2130,0.3509,0.3504,0.4078,0.2079,0.3504,,,
Train,3,9,6,0.1701,0.3965,0.3276,0.1035,0.1204,0.3210,0.3210,0.3965,0.3965,0.3210,,,
Train,3,9,7,0.1711,0.3657,0.3159,0.1072,0.1233,0.3123,0.3123,0.3657,0.3657,0.3123,,,
Train,3,9,8,0.1665,0.3558,0.3073,0.1004,0.1178,0.3024,0.3024,0.3558,0.1602,0.3025,,,
Train,3,9,9,0.1628,0.3264,0.2918,0.1034,0.1205,0.2863,0.2863,0.3264,0.1034,0.2863,,,
Train,3,10,1,0.0887,0.8397,0.4490,-0.0485,0.0186,0.4451,0.4451,0.0000,-0.0485,0.4451,,,
Train,3,10,2,0.0500,0.6154,0.4099,-0.0162,-0.0037,0.3405,0.3405,0.6154,0.6154,0.6154,,,
Train,3,10,3,0.0244,0.4860,0.3378,-0.0287,-0.0267,0.2872,0.2872,0.4860,0.4860,0.2872,,,
Train,3,10,4,-0.0829,0.3549,0.2649,-0.0568,-0.0501,0.2194,0.2253,0.3549,0.3549,0.2343,,,
Train,3,10,5,-0.0788,0.2829,0.2213,-0.0711,-0.0489,0.1918,0.1946,0.2829,0.2829,0.1946,,,
Train,3,10,6,-0.0780,0.2690,0.2135,-0.0694,-0.0639,0.1938,0.1938,0.2690,0.2690,0.1957,,,
Train,3,10,7,-0.0493,0.2631,0.2150,-0.0752,-0.0361,0.1975,0.1915,0.2631,0.2631,0.1915,,,
Train,3,10,8,-0.0456,0.2287,0.2021,-0.0493,-0.1113,0.1790,0.1791,0.2287,0.2287,0.1791,,,
Train,3,10,9,-0.0305,0.1837,0.1686,-0.0466,-0.0836,0.1482,0.1477,0.1837,0.1837,0.1477,,,
Train,3,11,1,0.6515,0.9023,0.7858,0.6126,0.6117,0.7471,0.7371,0.1353,0.7612,0.7778,,,
Train,3,11,2,0.5925,0.8531,0.7561,0.5885,0.5784,0.6952,0.6954,0.8531,0.7154,0.7181,,,
Train,3,11,3,0.4290,0.6786,0.6092,0.3858,0.3730,0.5240,0.5418,0.6786,0.6786,0.5418,,,
Train,3,11,4,0.3754,0.5681,0.5000,0.3469,0.3386,0.4734,0.4738,0.5681,0.3469,0.4738,,,
Train,3,11,5,0.2986,0.5199,0.4284,0.2800,0.2814,0.3657,0.3716,0.5199,0.2800,0.3716,,,
Train,3,11,6,0.2031,0.5271,0.4166,0.1881,0.1867,0.3095,0.2956,0.5271,0.5271,0.2956,,,
Train,3,11,7,0.1999,0.4503,0.3706,0.1813,0.1805,0.3004,0.2917,0.4503,0.1813,0.2917,,,
Train,3,11,8,0.1859,0.4235,0.3455,0.1666,0.1643,0.2884,0.2853,0.4235,0.1666,0.2853,,,
Train,3,11,9,0.1576,0.3693,0.2919,0.1386,0.1350,0.2535,0.2548,0.3693,0.1386,0.2548,,,
Train,4,1,1,0.7425,0.9368,0.8837,0.7838,0.7823,0.8806,0.8814,0.0036,0.7839,0.8814,,,
Train,4,1,2,0.5583,0.8052,0.7076,0.6006,0.5770,0.6930,0.6930,0.8052,0.6006,0.6930,,,
Train,4,1,3,0.3041,0.5941,0.4049,0.3036,0.2947,0.4032,0.4032,0.5941,0.3036,0.4032,,,
Train,4,1,4,0.3108,0.4909,0.4285,0.3212,0.3161,0.4093,0.4105,0.4909,0.3212,0.4105,,,
Train,4,1,5,0.2962,0.4602,0.4130,0.3080,0.2997,0.3946,0.3654,0.4602,0.4602,0.3654,,,
Train,4,1,6,0.2253,0.3761,0.3257,0.2060,0.2065,0.2888,0.2973,0.3761,0.2956,0.3142,,,
Train,4,1,7,0.2257,0.3678,0.3210,0.2048,0.2047,0.2883,0.2947,0.3678,0.2718,0.3112,,,
Train,4,1,8,0.2097,0.3470,0.3007,0.1853,0.1850,0.2720,0.2821,0.3470,0.1853,0.2821,,,
Train,4,1,9,0.1859,0.3169,0.2733,0.1523,0.1550,0.2511,0.2529,0.3169,0.3169,0.2531,,,
Train,4,2,1,0.3243,0.8642,0.6745,0.3591,0.3574,0.5332,0.5471,0.1008,0.3646,0.5662,,,
Train,4,2,2,0.3592,0.7581,0.5725,0.4368,0.4086,0.5006,0.5006,0.7581,0.7581,0.7581,,,
Train,4,2,3,0.3372,0.6266,0.4941,0.3773,0.3498,0.4408,0.4456,0.6266,0.6266,0.6266,,,
Train,4,2,4,0.2812,0.5977,0.4621,0.3321,0.2917,0.4059,0.4072,0.5977,0.5977,0.5977,,,
Train,4,2,5,0.2387,0.5152,0.3869,0.2787,0.2368,0.3626,0.3626,0.5152,0.5152,0.3639,,,
Train,4,2,6,0.2194,0.5151,0.3883,0.2740,0.2199,0.3667,0.3546,0.5151,0.5151,0.3688,,,
Train,4,2,7,0.2143,0.4971,0.3792,0.2679,0.2148,0.3535,0.3446,0.4971,0.4971,0.3555,,,
Train,4,2,8,0.2136,0.4800,0.3681,0.2627,0.2109,0.3397,0.3338,0.4800,0.4800,0.4800,,,
Train,4,2,9,0.2209,0.4229,0.3481,0.2577,0.2143,0.3227,0.3227,0.4229,0.4229,0.4229,,,
Train,4,3,1,0.3707,0.9169,0.7194,0.2575,0.2586,0.6646,0.6064,0.0000,0.2575,0.6064,,,
Train,4,3,2,0.3706,0.6801,0.5361,0.3056,0.2976,0.5132,0.4923,0.6801,0.5028,0.5665,,,
Train,4,3,3,0.2891,0.5810,0.4736,0.2076,0.1976,0.4516,0.4066,0.5810,0.4125,0.4321,,,
Train,4,3,4,0.2280,0.4865,0.4000,0.1314,0.1213,0.3839,0.3500,0.4865,0.4865,0.3830,,,
Train,4,3,5,0.2017,0.4025,0.3555,0.1078,0.0987,0.3424,0.3066,0.4025,0.1078,0.3066,,,
Train,4,3,6,0.1248,0.3610,0.3179,0.0306,0.0159,0.3031,0.3086,0.3610,0.3075,0.3086,,,
Train,4,3,7,0.1586,0.3359,0.2970,0.0757,0.0675,0.2750,0.2667,0.3359,0.0757,0.2667,,,
Train,4,3,8,0.1602,0.2861,0.2611,0.0958,0.0959,0.2441,0.2366,0.2861,0.0958,0.2366,,,
Train,4,3,9,0.0874,0.2649,0.2353,0.0400,0.0235,0.2001,0.1938,0.2649,0.1361,0.1968,,,
Train,4,4,1,0.6972,0.9612,0.8384,0.6763,0.6732,0.7925,0.7925,0.5108,0.7019,0.8345,,,
Train,4,4,2,0.6285,0.8922,0.8057,0.6237,0.5918,0.7720,0.7720,0.8922,0.8922,0.7720,,,
Train,4,4,3,0.4017,0.6009,0.4981,0.3725,0.3577,0.4643,0.4778,0.3689,0.4681,0.4778,,,
Train,4,4,4,0.3853,0.5652,0.4692,0.3455,0.3183,0.4586,0.4592,0.5652,0.4233,0.4611,,,
Train,4,4,5,0.3691,0.5216,0.4537,0.3294,0.3044,0.4241,0.4271,0.5216,0.5216,0.4276,,,
Train,4,4,6,0.2841,0.4120,0.3559,0.2397,0.2318,0.3332,0.3332,0.4120,0.4120,0.3332,,,
Train,4,4,7,0.2871,0.3924,0.3443,0.2437,0.2370,0.3264,0.3321,0.3924,0.2437,0.3324,,,
Train,4,4,8,0.2766,0.3705,0.3300,0.2362,0.2296,0.3139,0.3162,0.3705,0.3705,0.3305,,,
Train,4,4,9,0.2657,0.3436,0.3047,0.2236,0.2189,0.2959,0.2970,0.3436,0.2652,0.2970,,,
Train,4,5,1,-0.0799,0.8181,0.5476,-0.0412,-0.0732,0.5142,0.5142,0.0436,0.4158,0.5148,,,
Train,4,5,2,-0.0086,0.7161,0.4191,-0.0271,-0.0492,0.3863,0.3787,0.7161,0.7161,0.3787,,,
Train,4,5,3,-0.2572,0.4451,0.2713,-0.2854,-0.3226,0.1759,0.1214,0.4451,0.4451,0.1268,,,
Train,4,5,4,-0.2034,0.2667,0.1411,-0.2469,-0.2050,0.0978,0.0966,0.0000,0.2667,0.0966,,,
Train,4,5,5,-0.1275,0.2628,0.1579,-0.1954,-0.1443,0.1089,0.0944,0.2628,0.2628,0.0952,,,
Train,4,5,6,-0.1234,0.2720,0.1713,-0.1941,-0.1858,0.0950,0.0739,0.2720,0.2720,0.0789,,,
Train,4,5,7,-0.1002,0.2013,0.1321,-0.1731,-0.1568,0.0962,0.0778,0.0007,0.2013,0.0778,,,
Train,4,5,8,-0.0996,0.1540,0.0997,-0.1802,-0.1560,0.0720,0.0663,0.0000,0.1540,0.0663,,,
Train,4,5,9,-0.0913,0.1015,0.0788,-0.1359,-0.1515,0.0565,0.0511,0.0005,-0.0424,0.0514,,,
Train,4,6,1,0.6792,0.1509,0.8193,0.6854,0.6786,0.7517,0.7539,0.3402,0.7530,0.7818,,,
Train,4,6,2,0.5741,0.8815,0.7178,0.5829,0.5650,0.6744,0.6744,0.8815,0.6221,0.7171,,,
Train,4,6,3,0.3230,0.5920,0.4163,0.3041,0.3029,0.3834,0.3858,0.5920,0.3041,0.3882,,,
Train,4,6,4,0.3157,0.5729,0.4224,0.3069,0.3103,0.3647,0.3749,0.5729,0.5729,0.3761,,,
Train,4,6,5,0.3505,0.5534,0.4227,0.3399,0.3369,0.3883,0.3842,0.5534,0.5534,0.5534,,,
Train,4,6,6,0.2360,0.5229,0.3502,0.2239,0.2189,0.3127,0.3241,0.5229,0.5229,0.5229,,,
Train,4,6,7,0.2393,0.4909,0.3346,0.2279,0.2228,0.3024,0.3165,0.4909,0.4909,0.4909,,,
Train,4,6,8,0.2315,0.4574,0.3243,0.2255,0.2196,0.2966,0.3059,0.4574,0.4574,0.4574,,,
Train,4,6,9,0.2371,0.3868,0.3096,0.2296,0.2274,0.2909,0.2972,0.3868,0.3868,0.2985,,,
Train,4,7,1,0.1644,0.9294,0.3393,0.1121,0.0852,0.2944,0.2970,0.0000,0.1121,0.2970,,,
Train,4,7,2,0.1448,0.6359,0.3458,0.1207,0.0688,0.2931,0.3170,0.6359,0.2477,0.3170,,,
Train,4,7,3,-0.0624,0.5132,0.2470,0.1700,0.0956,0.2206,0.2228,0.5132,0.5132,0.2230,,,
Train,4,7,4,-0.0888,0.4161,0.2116,0.1512,0.0873,0.1572,0.1862,0.4161,0.1619,0.1985,,,
Train,4,7,5,-0.0821,0.3683,0.1723,-0.0116,0.0800,0.1395,0.1624,0.3683,0.3683,0.1624,,,
Train,4,7,6,-0.1902,0.2620,0.1768,-0.3802,-0.0960,0.1574,0.1588,0.0000,0.1183,0.1588,,,
Train,4,7,7,-0.1756,0.2436,0.1570,-0.3844,-0.1778,0.1271,0.1324,0.0000,0.1179,0.1384,,,
Train,4,7,8,-0.1709,0.2387,0.1531,-0.4001,-0.1835,0.1074,0.1287,0.2387,0.1116,0.1291,,,
Train,4,7,9,-0.1318,0.1406,0.1023,-0.2833,-0.0876,0.0833,0.0848,0.0000,0.0646,0.0848,,,
Train,4,8,1,0.4692,0.9197,0.6779,0.3393,0.4127,0.6202,0.6144,0.0000,0.3393,0.6144,,,
Train,4,8,2,0.4867,0.7354,0.6671,0.3608,0.3377,0.5402,0.5670,0.7354,0.5673,0.5678,,,
Train,4,8,3,0.1847,0.5708,0.4368,0.1337,0.1951,0.3219,0.3219,0.5708,0.5708,0.4133,,,
Train,4,8,4,0.1102,0.4296,0.3098,0.0582,0.0588,0.2694,0.2702,0.4296,0.4296,0.2702,,,
Train,4,8,5,0.1756,0.4217,0.3005,0.1114,0.1597,0.2645,0.2639,0.4217,0.4217,0.2643,,,
Train,4,8,6,0.0770,0.3468,0.2451,0.0023,0.0602,0.1923,0.1938,0.3468,0.3468,0.3468,,,
Train,4,8,7,0.1242,0.3444,0.2330,0.0345,0.0907,0.2102,0.2173,0.3444,0.3444,0.2173,,,
Train,4,8,8,0.1227,0.3522,0.2413,0.0518,0.0999,0.2140,0.2257,0.3522,0.3522,0.3522,,,
Train,4,8,9,0.0939,0.2883,0.2012,0.0272,0.0701,0.1896,0.1948,0.2883,0.2883,0.1948,,,
Train,4,9,1,0.5403,0.6280,0.8091,0.5033,0.5130,0.7469,0.7189,0.7240,0.5302,0.7198,,,
Train,4,9,2,0.5247,0.8725,0.7359,0.5318,0.5276,0.7138,0.6463,0.8725,0.8725,0.8725,,,
Train,4,9,3,0.2692,0.4651,0.3953,0.2352,0.2401,0.3839,0.3833,0.4651,0.2352,0.3833,,,
Train,4,9,4,0.1519,0.4357,0.3582,0.1005,0.1918,0.3497,0.3372,0.4357,0.4357,0.3372,,,
Train,4,9,5,0.1761,0.3635,0.3081,0.1569,0.1678,0.2982,0.3016,0.3635,0.3635,0.3016,,,
Train,4,9,6,0.1146,0.3717,0.2974,0.0892,0.1106,0.2869,0.2887,0.3717,0.3717,0.2887,,,
Train,4,9,7,0.1197,0.3220,0.2846,0.0961,0.1168,0.2751,0.2770,0.3220,0.3220,0.2770,,,
Train,4,9,8,0.1183,0.3151,0.2811,0.0912,0.1126,0.2682,0.2669,0.3151,0.3151,0.2669,,,
Train,4,9,9,0.1229,0.2846,0.2650,0.0961,0.1170,0.2560,0.2580,0.2846,0.2846,0.2582,,,
Train,4,10,1,0.2873,0.9434,0.5296,0.0885,0.0996,0.4927,0.4927,0.0007,0.0885,0.4932,,,
Train,4,10,2,0.2896,0.6268,0.4256,0.1376,0.1650,0.3823,0.3823,0.6268,0.2852,0.3823,,,
Train,4,10,3,0.2221,0.4691,0.3194,0.0629,0.0760,0.2785,0.2905,0.4691,0.0778,0.2905,,,
Train,4,10,4,0.0555,0.3690,0.2735,-0.0388,0.0410,0.2465,0.2465,0.3690,0.3690,0.2465,,,
Train,4,10,5,0.0355,0.3305,0.2549,-0.0149,-0.0427,0.2281,0.2281,0.3305,0.3305,0.2425,,,
Train,4,10,6,0.0283,0.3074,0.2412,-0.0379,-0.0685,0.2077,0.2081,0.3074,0.3074,0.2213,,,
Train,4,10,7,0.0418,0.2827,0.2288,-0.0306,-0.0530,0.1952,0.1946,0.2827,0.2827,0.1946,,,
Train,4,10,8,0.0477,0.2596,0.2260,0.0005,-0.0289,0.1969,0.1972,0.2596,0.2596,0.2000,,,
Train,4,10,9,0.0539,0.2245,0.2009,0.0161,0.0010,0.1774,0.1749,0.2245,0.2245,0.1825,,,
Train,4,11,1,0.6802,0.9416,0.7916,0.6040,0.6076,0.7501,0.7432,0.0006,0.6040,0.7432,,,
Train,4,11,2,0.5944,0.8098,0.7429,0.5845,0.5774,0.6939,0.6939,0.8098,0.5845,0.6939,,,
Train,4,11,3,0.3717,0.6445,0.5940,0.3524,0.3478,0.5134,0.5046,0.6445,0.6445,0.5025,,,
Train,4,11,4,0.3455,0.5965,0.5316,0.3311,0.3281,0.4796,0.4659,0.5965,0.5965,0.4659,,,
Train,4,11,5,0.2938,0.5493,0.4433,0.2774,0.2821,0.3984,0.3998,0.5493,0.5493,0.3998,,,
Train,4,11,6,0.1980,0.5088,0.4251,0.1780,0.1816,0.3388,0.3315,0.5088,0.5088,0.5088,,,
Train,4,11,7,0.1946,0.4162,0.3652,0.1737,0.1780,0.3025,0.3117,0.4162,0.4162,0.3117,,,
Train,4,11,8,0.1833,0.3914,0.3369,0.1600,0.1638,0.2927,0.2859,0.3914,0.3914,0.2859,,,
Train,4,11,9,0.1494,0.3319,0.2921,0.1263,0.1286,0.2629,0.2675,0.3319,0.3319,0.2675,,,
Test,1,1,1,0.0663,-1.4870,-0.4926,-1.0488,-0.1044,-0.4055,-0.3240,0.0000,-0.3048,-0.3240,61800.00,500.00,63000.00
Test,1,1,2,0.0613,-0.4500,0.2063,0.1952,0.1982,0.1985,0.1985,0.0096,0.1970,0.1993,500.00,200.00,100.00
Test,1,1,3,0.0564,0.1025,0.2318,0.2079,0.1962,0.2424,0.2423,0.2574,0.2054,0.2417,0.11,300.00,100.00
Test,1,1,4,0.0927,0.0958,0.0920,0.1438,0.1558,0.1282,0.0931,0.1668,0.1511,0.0984,5400.00,400.00,300.00
Test,1,1,5,0.1107,0.0913,0.1243,0.1742,0.1750,0.1369,0.1368,0.1387,0.1190,0.1175,0.46,24500.00,5100.00
Test,1,1,6,0.0966,0.0222,0.0529,0.1777,0.1700,0.1419,0.1417,0.0902,0.1750,0.1388,0.68,100.00,100.00
Test,1,1,7,0.1240,0.1234,0.1267,0.1947,0.1858,0.1674,0.1671,0.1384,0.1830,0.1630,0.83,1100.00,100.00
Test,1,1,8,0.1569,0.2214,0.2263,0.2583,0.2333,0.1980,0.1978,0.2217,0.2214,0.1985,0.86,6500.00,6600.00
Test,1,1,9,0.1764,0.3274,0.3056,0.2981,0.2137,0.2778,0.2777,0.0112,0.3003,0.2786,3200.00,700.00,300.00
Test,1,2,1,0.0928,-0.2823,-0.0571,0.0785,-0.0646,-0.0667,-0.0671,0.0000,0.0441,-0.0674,5500.00,300.00,86400.00
Test,1,2,2,0.0895,0.0763,0.1531,0.1445,0.1626,0.1646,0.1638,0.1017,0.1445,0.1638,8400.00,100000.00,100000.00
Test,1,2,3,0.0820,0.0932,0.1634,0.1486,0.1595,0.1621,0.1598,0.1748,0.1486,0.1784,0.53,15100.00,1400.00
Test,1,2,4,0.0788,0.1054,0.1599,0.1790,0.1538,0.1481,0.1459,0.1554,0.1790,0.1459,0.93,1800.00,1900.00
Test,1,2,5,0.0579,-0.0013,0.1130,0.1365,0.1118,0.0927,0.0897,0.0468,0.1353,0.0900,0.55,2100.00,6300.00
Test,1,2,6,0.0601,0.0326,0.1118,0.1290,0.0980,0.1079,0.1060,0.0932,0.1290,0.1060,0.85,9900.00,9300.00
Test,1,2,7,0.0630,0.0431,0.1014,0.1223,0.0880,0.0990,0.0970,0.0799,0.1223,0.1062,0.52,2600.00,2700.00
Test,1,2,8,0.0713,0.0619,0.1083,0.1208,0.0903,0.0963,0.0940,0.1006,0.1207,0.0947,0.63,1500.00,2000.00
Test,1,2,9,0.1259,0.1206,0.1529,0.1585,0.1179,0.1407,0.1372,0.1413,0.1585,0.1372,0.59,4300.00,5500.00
Test,1,3,1,0.0881,-0.3472,0.0207,0.1514,0.1518,0.0394,0.0380,0.0000,0.1476,0.0320,36200.00,9000.00,8300.00
Test,1,3,2,0.0875,-0.0754,0.1238,0.1751,0.1745,0.1301,0.1292,0.0422,0.2046,0.1783,0.42,2100.00,2900.00
Test,1,3,3,0.0824,0.1285,0.2389,0.2260,0.1793,0.2419,0.2404,0.2670,0.2042,0.2196,0.58,100000.00,100000.00
Test,1,3,4,0.0871,0.1339,0.2273,0.2326,0.1692,0.2332,0.2332,0.1549,0.2333,0.2333,4800.00,300.00,100.00
Test,1,3,5,0.0944,0.2935,0.2398,0.2397,0.1935,0.2335,0.2335,0.1991,0.2358,0.2334,2.00,300.00,700.00
Test,1,3,6,0.0951,0.3416,0.2793,0.2458,0.1690,0.2852,0.2841,0.2950,0.2494,0.2857,0.72,15900.00,100.00
Test,1,3,7,0.1083,0.3527,0.2883,0.2565,0.1809,0.2965,0.2962,0.3112,0.2592,0.2966,0.76,200.00,400.00
Test,1,3,8,0.1346,0.4046,0.2813,0.3351,0.2879,0.3045,0.2312,0.3802,0.4012,0.2318,0.71,0.27,100.00
Test,1,3,9,0.1767,0.5627,0.4178,0.3943,0.3044,0.4448,0.4422,0.5391,0.3985,0.4406,0.66,18200.00,200.00
Test,1,4,1,0.0407,-0.6016,-0.1583,-0.3242,-0.1011,-0.2214,-0.2819,-0.0614,-0.3273,-0.2558,7100.00,900.00,1600.00
Test,1,4,2,0.0318,-0.3861,-0.1499,0.0513,0.1168,-0.2022,-0.2022,-0.2033,-0.1882,-0.2048,0.36,0.41,7800.00
Test,1,4,3,0.0222,-0.1980,-0.1096,0.1075,0.1147,-0.0160,-0.0155,-0.0281,0.1214,-0.0237,0.77,4200.00,100.00
Test,1,4,4,0.0595,-0.0132,0.0833,0.1390,0.1202,0.1388,0.1388,0.1595,0.1383,0.1529,4800.00,100.00,1700.00
Test,1,4,5,0.0643,0.1674,0.1129,0.1593,0.1377,0.1439,0.1439,0.0231,0.1591,0.1909,6100.00,100.00,18900.00
Test,1,4,6,0.0790,-0.0232,0.1721,0.1915,0.1731,0.1640,0.1649,0.0627,0.1909,0.1596,0.45,100.00,6600.00
Test,1,4,7,0.0799,-0.0018,0.1967,0.2222,0.1985,0.2223,0.2223,0.0731,0.2211,0.2169,0.42,12600.00,2200.00
Test,1,4,8,0.1320,0.0721,0.2149,0.2590,0.2106,0.2403,0.2403,0.2891,0.2689,0.2486,13200.00,20800.00,16700.00
Test,1,4,9,0.1194,0.2167,0.3459,0.3413,0.3239,0.3303,0.3303,0.2726,0.3413,0.3335,0.66,98000.00,10900.00
Test,1,5,1,0.0867,-0.2880,-0.2068,-0.0094,0.0919,-0.0864,-0.0581,-0.3693,-0.3684,-0.3705,0.00,0.00,0.00
Test,1,5,2,0.0860,0.0260,0.2277,0.0869,0.0982,0.1660,0.1807,0.0857,0.1379,0.1795,4200.00,3000.00,100.00
Test,1,5,3,0.0946,0.2194,0.3013,0.1051,0.1810,0.3153,0.3154,0.0501,0.2452,0.2634,8900.00,0.26,85400.00
Test,1,5,4,0.1027,0.1382,0.2806,0.1452,0.1967,0.2773,0.2774,-0.0016,0.1949,0.2739,3700.00,2000.00,100.00
Test,1,5,5,0.1014,0.1434,0.3147,0.1749,0.2008,0.2111,0.2589,-0.0116,0.1542,0.2616,10000.00,3400.00,5200.00
Test,1,5,6,0.1153,0.2648,0.3550,0.2687,0.2205,0.3193,0.4179,0.3626,0.2691,0.3874,0.96,100.00,31900.00
Test,1,5,7,0.1162,0.2946,0.3723,0.2749,0.2241,0.3281,0.3654,0.3570,0.2851,0.3655,2.00,6800.00,100.00
Test,1,5,8,0.1154,0.3596,0.4065,0.3040,0.2299,0.3340,0.3725,0.3623,0.3045,0.3726,2.00,100.00,100.00
Test,1,5,9,0.1221,0.4478,0.4676,0.3433,0.2287,0.4779,0.4779,0.4148,0.3433,0.4779,3.00,9300.00,18000.00
Test,1,6,1,0.0177,-1.2430,-0.4439,-0.2127,-0.1418,-0.3066,-0.3067,-0.0158,-0.3850,-0.2553,100.00,400.00,900.00
Test,1,6,2,0.0068,-0.1014,0.1446,0.1186,0.1231,0.0902,0.0901,0.0000,0.1186,0.0901,16600.00,17400.00,12100.00
Test,1,6,3,0.0157,0.0065,0.1256,0.0587,0.1424,0.1411,0.0735,0.0091,0.0667,0.0894,2000.00,400.00,9000.00
Test,1,6,4,0.0285,0.1386,0.1779,0.1316,0.1448,0.1278,0.1593,0.0891,0.1436,0.1544,2700.00,10600.00,600.00
Test,1,6,5,0.0579,0.1183,0.1775,0.1896,0.1791,0.1644,0.1474,0.0000,0.1896,0.1474,56400.00,29300.00,58800.00
Test,1,6,6,0.1472,0.0202,0.1606,0.1907,0.1794,0.1585,0.1580,0.0037,0.1907,0.1580,6100.00,300.00,100.00
Test,1,6,7,0.1639,0.0836,0.1708,0.2077,0.1904,0.1711,0.1705,0.0249,0.2089,0.1720,2500.00,4600.00,4700.00
Test,1,6,8,0.1745,0.0540,0.1768,0.2157,0.2064,0.1780,0.1773,-0.0007,0.2134,0.1771,7000.00,16700.00,6500.00
Test,1,6,9,0.2414,-0.0120,0.2386,0.2998,0.3008,0.2516,0.2518,0.1614,0.2918,0.2578,56300.00,30700.00,100000.00
Test,1,7,1,0.1152,-0.3634,0.0645,0.0596,0.0708,0.1097,0.1097,0.0402,0.0596,0.1097,1100.00,20100.00,16300.00
Test,1,7,2,0.1119,-0.2779,0.1103,0.1641,0.1683,0.1061,0.1061,-0.1738,0.1641,0.1061,0.04,51600.00,79200.00
Test,1,7,3,0.1135,0.0799,0.1910,0.1930,0.1722,0.1996,0.2065,0.1259,0.2297,0.2065,0.13,18900.00,20100.00
Test,1,7,4,0.1150,0.1561,0.1672,0.2181,0.1831,0.1822,0.1922,0.1929,0.1743,0.2026,6.00,13600.00,10600.00
Test,1,7,5,0.1244,0.0499,0.1520,0.2102,0.1909,0.1720,0.1791,0.1441,0.1156,0.1777,1.00,0.41,3500.00
Test,1,7,6,0.1789,-0.0974,0.1140,0.2202,0.2182,0.1174,0.1212,-0.0523,0.1901,0.0913,100000.00,45900.00,20800.00
Test,1,7,7,0.1850,-0.0282,0.1264,0.2282,0.2278,0.1803,0.1852,0.2680,0.2280,0.1777,7.00,100.00,3300.00
Test,1,7,8,0.1938,0.0554,0.1626,0.2545,0.2497,0.2009,0.2061,0.0251,0.2927,0.2123,18900.00,49000.00,6400.00
Test,1,7,9,0.2161,0.0655,0.1952,0.2718,0.2704,0.1966,0.2033,0.3511,0.2718,0.2033,11.00,15800.00,21600.00
Test,1,8,1,0.1080,-1.5014,0.0158,-0.0169,0.1333,-0.1547,-0.1547,0.0000,-0.0169,-0.1547,1400.00,2200.00,4300.00
Test,1,8,2,0.1128,-0.3518,0.0676,-0.1383,0.1838,-0.1577,-0.1577,0.0026,-0.2590,-0.2263,1000.00,0.15,2800.00
Test,1,8,3,0.1207,-0.3215,0.1227,-0.0895,0.1865,0.0992,0.0992,-0.2138,-0.2728,0.0215,0.33,0.13,7900.00
Test,1,8,4,0.1050,0.0651,0.1687,0.0595,0.1755,0.1627,0.1685,0.1582,0.0643,0.1624,5600.00,13700.00,5300.00
Test,1,8,5,0.1285,0.1215,0.1714,0.1814,0.2119,0.1942,0.1944,0.1020,0.1814,0.1960,6300.00,58500.00,300.00
Test,1,8,6,0.1646,0.1251,0.1454,0.1829,0.2468,0.1684,0.1612,-0.0091,0.2389,0.1628,13200.00,6600.00,200.00
Test,1,8,7,0.1746,0.1264,0.1355,0.1854,0.2633,0.1770,0.1664,0.1226,0.1636,0.1671,1.00,8.00,200.00
Test,1,8,8,0.1814,0.1489,0.1533,0.2034,0.2570,0.1770,0.1671,0.1394,0.1738,0.1661,7.00,8.00,200.00
Test,1,8,9,0.2078,0.2121,0.2564,0.2873,0.3268,0.2372,0.2060,-0.0166,0.1920,0.2018,100000.00,70600.00,99100.00
Test,1,9,1,0.0001,-1.3632,-0.6884,-0.7769,-0.1031,-0.5110,-0.8350,0.0038,-0.7080,-0.8595,400.00,400.00,400.00
Test,1,9,2,-0.0028,-0.3049,-0.1986,-0.4071,-0.0384,-0.0080,-0.1389,0.0000,-0.3853,-0.1389,500.00,100.00,1100.00
Test,1,9,3,-0.0102,-0.0630,0.0557,-0.0510,-0.0040,0.0661,0.0735,0.0354,-0.0586,0.0735,4400.00,500.00,35800.00
Test,1,9,4,-0.0899,-0.1444,-0.0272,-0.0248,0.0201,-0.0184,-0.0151,0.0031,-0.0318,-0.0199,2000.00,100.00,100.00
Test,1,9,5,-0.0513,-0.0843,0.0263,-0.0090,0.0658,0.0356,0.0271,0.0000,0.0462,0.0179,2600.00,4000.00,300.00
Test,1,9,6,-0.0179,-0.1528,-0.0665,-0.1145,-0.0446,-0.0835,-0.0614,-0.0011,-0.0509,-0.0618,29700.00,16500.00,100.00
Test,1,9,7,-0.0025,-0.1172,-0.0503,-0.0965,-0.0355,-0.0619,-0.0374,0.0188,-0.0965,-0.0378,3000.00,50900.00,100.00
Test,1,9,8,0.0029,-0.1500,-0.0650,-0.0791,-0.0349,-0.0836,-0.0261,-0.0458,-0.1067,-0.0306,4400.00,39500.00,200.00
Test,1,9,9,0.0061,-0.2791,-0.0211,-0.2770,0.0267,-0.0237,0.0034,0.0773,-0.2766,0.0047,11100.00,9200.00,100.00
Test,1,10,1,-0.0037,-0.4849,-0.1929,0.0979,0.0801,-0.2855,-0.2855,-0.2163,-0.1284,-0.4053,6700.00,8000.00,20400.00
Test,1,10,2,0.0151,-0.5316,-0.1126,-0.0498,0.0668,-0.0396,-0.0410,-0.4951,-0.4918,-0.4968,0.10,0.10,0.08
Test,1,10,3,0.0152,-0.3210,-0.0488,-0.0056,0.0555,-0.0555,-0.0571,-0.2169,-0.1507,-0.1890,0.84,1.00,1.00
Test,1,10,4,0.0262,-0.3836,-0.0948,0.0260,0.0270,-0.1269,-0.1290,-0.3578,-0.3543,-0.3671,0.14,0.11,0.11
Test,1,10,5,0.0464,-0.2327,-0.0839,-0.0049,-0.0131,-0.0436,-0.0686,-0.2188,-0.2153,-0.2223,0.09,0.09,0.11
Test,1,10,6,0.0392,-0.2603,-0.0995,-0.0113,-0.0341,-0.0965,-0.0984,-0.2237,-0.2290,-0.2333,0.25,0.15,0.16
Test,1,10,7,0.0712,-0.2158,-0.0848,-0.0210,-0.0606,-0.0491,-0.0386,-0.1972,-0.1935,-0.0876,0.14,0.12,2.00
Test,1,10,8,0.1066,-0.1962,-0.1124,-0.0644,-0.0801,-0.0871,-0.0833,-0.1884,-0.0647,-0.0815,0.09,2.00,75600.00
Test,1,10,9,0.1132,-0.0266,-0.0373,-0.0121,-0.0478,0.0022,-0.0463,-0.0249,-0.0121,-0.0463,0.27,90000.00,100000.00
Test,1,11,1,0.1370,-0.5435,0.0351,-0.0144,0.1476,0.0969,0.0554,0.0121,-0.0076,0.0486,2100.00,40200.00,100.00
Test,1,11,2,0.1370,-0.0272,0.1090,0.1399,0.1726,0.1568,0.1567,0.0000,0.1398,0.1567,7700.00,100000.00,4300.00
Test,1,11,3,0.1503,0.1235,0.1764,0.1687,0.1799,0.1582,0.1581,0.1241,0.1667,0.1580,0.03,900.00,800.00
Test,1,11,4,0.1802,0.0363,0.2188,0.2175,0.2361,0.2105,0.1162,0.1015,0.2285,0.1191,3600.00,14800.00,100.00
Test,1,11,5,0.2328,-0.0454,0.2270,0.3292,0.2809,0.2706,0.1920,-0.0191,0.0162,0.1920,0.12,0.16,100.00
Test,1,11,6,0.2555,0.0146,0.2623,0.3538,0.3249,0.2565,0.3296,0.0147,0.1089,0.0183,0.00,0.25,0.03
Test,1,11,7,0.2603,0.0718,0.2749,0.3583,0.2969,0.2581,0.2761,0.0718,0.0718,0.0722,0.00,0.00,0.00
Test,1,11,8,0.2683,0.0997,0.2678,0.3708,0.3599,0.2542,0.3178,0.1119,0.1232,0.1001,0.13,0.15,0.00
Test,1,11,9,0.2956,0.1924,0.3244,0.3890,0.3154,0.2568,0.2933,0.1924,0.1924,0.1930,0.00,0.00,0.00
Test,2,1,1,-0.0075,-4.3363,-0.5398,-0.1787,-0.1174,-0.3699,-0.3994,0.0000,-0.1787,-0.3994,4800.00,4400.00,400.00
Test,2,1,2,-0.0115,-0.5916,0.0312,-0.1626,-0.1227,-0.0010,-0.0010,0.0000,-0.1626,-0.0010,2300.00,2200.00,900.00
Test,2,1,3,-0.0113,-0.6283,0.1000,-0.1340,-0.1230,0.1192,0.1192,0.0000,-0.1340,0.1192,300.00,400.00,400.00
Test,2,1,4,-0.0130,-0.2179,-0.1410,-0.1624,-0.1321,-0.1257,-0.2309,0.0008,-0.1624,-0.2299,300.00,12200.00,200.00
Test,2,1,5,-0.0101,-0.1103,-0.1459,-0.1665,-0.1372,-0.1451,-0.2567,-0.1033,-0.1665,-0.2515,0.32,4500.00,100.00
Test,2,1,6,-0.0177,-0.1269,-0.0171,-0.1277,-0.1403,0.0025,0.0023,-0.0032,-0.1277,0.0023,1.00,5800.00,64500.00
Test,2,1,7,-0.0179,-0.0993,0.0623,-0.1522,-0.1496,0.0213,0.0324,0.0303,-0.1522,0.0324,0.18,10300.00,48500.00
Test,2,1,8,-0.0095,-0.0217,0.0855,-0.1281,-0.1478,0.0410,0.0302,0.1200,-0.1281,0.0302,0.55,41100.00,39900.00
Test,2,1,9,0.0000,0.0147,0.1268,-0.1099,-0.1465,0.1555,0.1862,0.1546,0.1513,0.1862,0.18,0.22,500.00
Test,2,2,1,0.0676,-0.9426,0.0848,0.0320,0.0064,-0.0053,-0.0070,0.0000,0.0320,-0.0070,88900.00,24500.00,24500.00
Test,2,2,2,0.0140,-0.6027,0.0867,-0.0002,-0.0105,-0.0165,-0.0081,0.0564,0.0001,-0.0040,3.00,900.00,1100.00
Test,2,2,3,0.0089,-1.0869,0.0978,0.0157,-0.0118,0.0879,0.0879,0.0816,0.0170,0.0879,1.00,400.00,1100.00
Test,2,2,4,-0.0093,-0.8542,0.0523,0.0078,0.0201,0.0441,0.0441,-0.2532,-0.1673,0.0360,0.89,1.00,800.00
Test,2,2,5,0.0144,-0.0837,0.0179,0.0306,0.0437,0.0191,0.0191,-0.0016,0.0375,0.0191,1100.00,1500.00,95800.00
Test,2,2,6,0.0328,-0.0693,-0.0033,0.0397,0.0456,-0.0083,-0.0083,0.0000,0.0403,-0.0083,14700.00,1100.00,54300.00
Test,2,2,7,0.0247,-0.1073,-0.0369,0.0355,0.0450,-0.0381,-0.0381,0.0000,0.0355,-0.0381,4200.00,8500.00,7300.00
Test,2,2,8,0.0197,-0.0793,-0.0155,0.0523,0.0514,-0.0378,-0.0378,-0.0257,0.0523,-0.0378,3700.00,6800.00,92800.00
Test,2,2,9,-0.0062,-0.0666,-0.0270,-0.0134,-0.0071,0.0173,0.0107,-0.0375,0.0008,0.0107,2.00,3300.00,10200.00
Test,2,3,1,0.0241,-3.5913,-0.1650,-0.0924,-0.1421,-0.0142,-0.0142,0.0000,-0.0924,-0.0142,6800.00,15800.00,5400.00
Test,2,3,2,0.0155,0.1014,-0.0120,-0.0679,-0.1541,-0.0269,-0.0269,0.0630,0.0548,-0.0269,0.36,0.25,66400.00
Test,2,3,3,0.0113,0.0732,0.0886,-0.0468,-0.1519,0.1228,0.1228,0.1057,0.1055,0.1301,0.25,0.36,0.59
Test,2,3,4,0.0301,0.0777,0.0680,-0.0128,-0.0935,0.0978,0.0978,0.0000,-0.0128,0.0978,9700.00,9500.00,14700.00
Test,2,3,5,0.0360,0.0293,0.0920,-0.0031,-0.0914,0.1060,0.1060,0.0000,-0.0031,0.1110,50300.00,23700.00,1000.00
Test,2,3,6,0.0397,0.0673,0.1219,0.0470,0.0377,0.1560,0.1020,0.0000,0.0470,0.1020,41900.00,6300.00,15200.00
Test,2,3,7,0.0312,0.0603,0.0995,0.0111,-0.0679,0.1006,0.0541,0.0034,0.0111,0.0541,6200.00,8000.00,1400.00
Test,2,3,8,0.0521,0.2841,0.0820,-0.1028,-0.1171,0.0277,0.0807,0.0000,-0.0863,0.0807,16000.00,12400.00,46500.00
Test,2,3,9,0.0927,0.2874,0.1491,0.1530,0.0633,0.1544,0.2148,0.0000,0.1995,0.2148,24000.00,7600.00,1200.00
Test,2,4,1,-0.0486,-1.3400,-0.3559,-0.1406,-0.1517,-0.2896,-0.6760,-0.0677,-0.1318,-0.6771,100.00,24400.00,700.00
Test,2,4,2,-0.0775,-0.7194,-0.5978,-0.1682,-0.1795,-0.7489,-0.7489,-0.4485,-0.1682,-0.7489,0.92,44900.00,3400.00
Test,2,4,3,-0.0792,-0.9469,-0.7293,-0.1605,-0.1719,-0.7925,-0.7925,-0.9358,-0.1605,-0.7925,0.05,1500.00,1400.00
Test,2,4,4,-0.0376,-0.2348,-0.1163,-0.1242,-0.1318,-0.1447,-0.1427,-0.0900,-0.1129,-0.1380,3.00,1400.00,1300.00
Test,2,4,5,-0.0441,-0.2556,-0.1167,-0.1374,-0.1467,-0.1379,-0.1540,-0.0916,-0.1374,-0.1319,5.00,24900.00,9100.00
Test,2,4,6,0.0315,-0.4081,-0.1354,-0.1104,-0.1233,-0.0978,-0.0774,-0.0131,-0.0470,-0.0698,100.00,24400.00,11500.00
Test,2,4,7,0.0287,-0.3520,-0.0812,-0.1231,-0.1352,-0.0688,-0.0884,-0.0155,-0.1231,-0.0854,100.00,19100.00,1300.00
Test,2,4,8,0.0373,-0.1751,-0.0786,-0.1339,-0.1455,-0.0686,-0.1801,-0.0192,-0.0539,-0.1512,100.00,34000.00,18200.00
Test,2,4,9,0.0393,-0.2315,0.0200,-0.1734,-0.1846,-0.0915,-0.0367,0.0039,-0.1734,-0.0367,100.00,11900.00,45000.00
Test,2,5,1,-0.0084,-1.2800,0.0590,-0.0089,-0.0346,0.0827,0.0827,0.0000,-0.0089,0.0811,3400.00,3200.00,69500.00
Test,2,5,2,-0.0121,-0.3247,0.1274,0.0032,-0.0349,0.1188,0.1188,0.0004,0.0045,0.1188,200.00,400.00,500.00
Test,2,5,3,0.0029,0.1377,0.1849,0.0530,-0.0315,0.1431,0.1431,0.1165,0.0530,0.1431,3500.00,1900.00,1100.00
Test,2,5,4,-0.0009,-0.0234,0.1556,0.0325,-0.0349,0.1438,0.0757,0.0026,0.0352,0.0787,500.00,500.00,600.00
Test,2,5,5,-0.0061,-0.0275,0.1683,0.0278,-0.0379,0.1147,0.1780,0.0000,0.0333,0.1780,28800.00,300.00,1200.00
Test,2,5,6,-0.0026,-0.1092,0.1812,0.0643,-0.0403,0.1735,0.0257,0.0024,0.0663,0.0278,700.00,600.00,600.00
Test,2,5,7,-0.0041,-0.1070,0.1846,0.0637,-0.0420,0.1782,0.1190,0.0098,0.0720,0.1255,800.00,700.00,800.00
Test,2,5,8,-0.0033,-0.0103,0.2039,0.0954,-0.0425,0.1886,0.1217,0.0047,0.0998,0.1217,500.00,500.00,100000.00
Test,2,5,9,-0.0124,0.1994,0.2819,0.2004,0.1093,0.2313,0.2632,0.0000,0.2005,0.2632,9500.00,300.00,94500.00
Test,2,6,1,0.0054,-51.7488,-0.1182,-0.0736,-0.0695,-0.1485,-0.2190,0.0079,-0.0736,-0.2130,4800.00,100.00,300.00
Test,2,6,2,-0.0066,-0.6401,-0.0153,-0.0666,-0.0786,-0.0313,-0.0848,-0.3650,-0.0666,-0.0848,0.07,38500.00,83700.00
Test,2,6,3,0.0187,-1.6099,0.0343,-0.0361,-0.0585,-0.0533,0.0117,-1.5119,-1.6067,-1.5133,0.01,0.00,0.01
Test,2,6,4,0.0146,-0.1978,-0.0068,-0.0696,-0.0737,-0.0742,-0.0663,0.0073,-0.0656,-0.0629,7.00,1300.00,400.00
Test,2,6,5,-0.0124,-0.1400,0.0069,-0.1286,-0.1163,-0.0486,-0.1178,0.0143,-0.0971,-0.1045,7.00,2400.00,800.00
Test,2,6,6,0.0168,-0.4368,-0.1054,-0.2486,-0.1833,-0.0838,-0.0905,-0.4365,-0.1262,-0.1396,0.00,3.00,3.00
Test,2,6,7,0.0204,-0.4113,-0.0774,-0.2531,-0.1916,-0.0883,-0.0927,-0.3932,-0.4110,-0.3776,0.02,0.00,0.04
Test,2,6,8,0.0282,-0.3913,-0.1020,-0.2851,-0.2133,-0.1011,-0.1255,-0.3695,-0.3628,-0.3709,0.03,0.04,0.03
Test,2,6,9,0.0002,-0.3603,-0.0870,-0.3606,-0.2678,-0.0428,-0.1485,-0.3600,-0.1366,-0.1485,0.00,1.00,12900.00
Test,2,7,1,-0.0245,-0.6960,0.1211,0.0840,0.0663,0.1020,0.1139,0.0364,0.1609,0.1141,7800.00,39800.00,2200.00
Test,2,7,2,-0.0300,0.0756,0.1113,0.0841,0.0802,0.1051,0.1051,0.1371,0.1699,0.1051,2.00,8600.00,49900.00
Test,2,7,3,-0.0242,0.1501,0.1621,0.1286,0.1052,0.1471,0.1560,0.1678,0.1286,0.1560,0.86,6200.00,5100.00
Test,2,7,4,-0.0255,0.0901,0.1264,0.1289,0.1132,0.1063,0.1380,0.1812,0.1289,0.1380,2.00,13700.00,14700.00
Test,2,7,5,-0.0192,-0.0692,0.1597,0.1196,0.1114,0.1138,0.1449,0.1816,0.1196,0.1449,3.00,60900.00,100000.00
Test,2,7,6,-0.0104,-0.0638,0.1199,0.0481,0.1039,0.1179,0.1107,0.0000,0.0495,0.1139,32400.00,3300.00,3200.00
Test,2,7,7,-0.0121,0.0431,0.0874,0.0362,0.0885,0.1261,0.1547,0.0838,0.0367,0.1552,50200.00,1100.00,1100.00
Test,2,7,8,-0.0118,-0.0353,0.0740,0.0408,0.1004,0.1158,0.1224,0.0000,0.0421,0.1224,77800.00,1400.00,67000.00
Test,2,7,9,-0.0211,-0.0457,0.0958,0.0189,0.0979,0.0996,0.1134,0.0887,0.0227,0.1134,6.00,1500.00,100000.00
Test,2,8,1,0.0254,-0.2292,0.0986,-0.0152,-0.0507,0.1227,0.1227,0.0000,0.0813,0.1227,26300.00,6200.00,8800.00
Test,2,8,2,0.0218,-0.2078,0.1024,-0.0453,-0.0543,0.1299,-0.0628,0.0229,-0.0453,-0.0627,0.59,100.00,100000.00
Test,2,8,3,0.0252,-0.2635,0.1244,-0.0137,-0.0618,0.1201,0.0552,-0.0992,-0.0137,0.0552,0.20,94000.00,96800.00
Test,2,8,4,0.0396,0.0071,0.1081,0.0694,0.0716,0.1022,0.1326,0.1361,0.0702,0.1330,3.00,400.00,300.00
Test,2,8,5,0.0425,-0.2608,0.1277,0.0061,-0.0570,0.0995,0.0541,-0.2605,0.0830,0.0533,0.00,9.00,400.00
Test,2,8,6,0.0858,-0.0633,0.0776,-0.0123,-0.0471,0.1051,0.0804,0.0217,0.0256,0.0837,0.17,0.20,400.00
Test,2,8,7,0.0691,-0.1010,0.0542,-0.0549,-0.0413,0.0573,0.0865,-0.1008,-0.0170,-0.0086,0.00,0.19,0.20
Test,2,8,8,0.0688,-0.1914,0.0555,-0.0429,-0.0488,0.0513,0.0019,-0.1912,-0.1912,-0.1926,0.00,0.00,0.00
Test,2,8,9,0.0864,-0.1635,0.0698,-0.0745,-0.0907,0.0881,0.0870,-0.0256,-0.0154,0.0870,0.28,0.29,800.00
Test,2,9,1,-0.1259,-1.9395,-0.6333,-0.2639,-0.1871,-0.4185,-0.2886,-0.0001,-0.2639,-0.2750,200.00,11000.00,30900.00
Test,2,9,2,-0.1563,-0.9494,-0.4795,-0.3025,-0.3142,-0.2573,-0.2640,-0.0453,-0.2336,-0.2640,5400.00,7800.00,36100.00
Test,2,9,3,-0.1796,-0.2575,-0.1905,-0.3225,-0.2355,-0.1696,-0.1698,0.0000,-0.3225,-0.1698,1400.00,23200.00,99800.00
Test,2,9,4,-0.1553,-0.2868,-0.1992,-0.1907,-0.1715,-0.2048,-0.2190,0.0000,-0.1907,-0.2190,5100.00,4100.00,500.00
Test,2,9,5,-0.2881,-0.4399,-0.1264,-0.4034,-0.3250,-0.0928,-0.1475,-0.0010,-0.4034,-0.1475,400.00,6000.00,2000.00
Test,2,9,6,-0.0452,-0.3922,-0.0454,-0.1320,-0.0935,-0.0469,-0.0543,-0.0010,-0.1121,-0.0543,500.00,500.00,7700.00
Test,2,9,7,-0.0609,-0.3847,-0.0360,-0.1774,-0.1249,-0.0256,-0.0524,0.0000,-0.1738,-0.0524,700.00,500.00,700.00
Test,2,9,8,-0.0637,-0.4613,-0.0515,-0.1866,-0.1329,-0.0475,-0.0585,0.0000,-0.1704,-0.0586,54300.00,600.00,600.00
Test,2,9,9,-0.1972,-0.5992,-0.0588,-0.5750,-0.4137,-0.1260,-0.1820,0.0000,-0.5750,-0.1820,24600.00,6000.00,2500.00
Test,2,10,1,-0.0358,-1.6397,-0.0156,0.0321,-0.0082,0.0274,-0.2085,0.0000,0.0321,-0.2085,58000.00,4900.00,3300.00
Test,2,10,2,-0.0344,-0.2368,-0.0122,-0.0440,-0.0484,0.0102,0.0102,-0.1816,-0.1540,0.0102,0.59,0.67,27800.00
Test,2,10,3,-0.0362,-0.1666,0.0004,-0.0244,-0.0143,0.0064,0.0064,-0.0904,-0.0590,0.0064,0.83,1.00,100.00
Test,2,10,4,-0.0077,-0.1525,0.0068,0.0574,0.0468,-0.0248,-0.0248,-0.0118,-0.0009,-0.0248,1.00,1.00,100000.00
Test,2,10,5,0.0162,-0.1001,0.0245,0.0430,0.0772,0.0251,0.0017,-0.0111,0.0430,0.0017,0.62,10800.00,100000.00
Test,2,10,6,0.0354,-0.1040,0.0195,0.0462,0.0650,-0.0088,0.0177,-0.0136,-0.0185,0.0177,0.85,0.61,1600.00
Test,2,10,7,-0.0212,-0.1194,-0.0352,-0.0119,0.0060,-0.0261,-0.0333,-0.0589,-0.0526,-0.0333,0.98,0.91,11000.00
Test,2,10,8,-0.0158,-0.1313,-0.0658,-0.0585,0.0054,-0.0810,-0.0754,-0.0783,-0.0585,-0.0626,1.00,11000.00,3900.00
Test,2,10,9,-0.0342,-0.1175,0.0038,-0.0269,0.0160,-0.0307,-0.0224,-0.0013,-0.0100,-0.0224,2.00,7300.00,27700.00
Test,2,11,1,-0.0641,-56.4732,-0.1810,-0.1135,-0.1460,-0.2513,-0.2811,0.1078,-0.1307,-0.2811,46500.00,83000.00,38500.00
Test,2,11,2,-0.0694,-0.2267,-0.0122,-0.1063,-0.1571,-0.2971,0.0301,-0.1282,-0.1063,0.0301,3.00,8600.00,2000.00
Test,2,11,3,-0.0562,-0.0775,-0.0010,-0.0872,-0.1408,0.0408,0.0111,-0.0002,-0.0070,0.0224,0.04,2600.00,1000.00
Test,2,11,4,-0.0387,-0.1416,0.0800,-0.0948,-0.1390,0.0385,0.0336,0.1585,-0.0924,0.0336,0.45,1400.00,70100.00
Test,2,11,5,-0.0297,0.1188,0.1571,-0.1130,-0.1508,0.0561,0.0384,0.0020,-0.1033,0.0384,100.00,800.00,1100.00
Test,2,11,6,-0.0066,0.0253,0.1061,-0.0785,-0.1027,0.1968,0.1005,0.2110,-0.0728,0.1005,0.39,900.00,1100.00
Test,2,11,7,-0.0071,0.0718,0.1359,-0.0742,-0.1024,0.2049,0.1050,0.1903,-0.0581,0.1203,3.00,1300.00,1600.00
Test,2,11,8,0.0002,0.0342,0.1208,-0.0767,-0.1044,0.1325,0.1019,0.1738,-0.0393,0.1335,3.00,1800.00,1800.00
Test,2,11,9,0.0122,0.1731,0.2296,-0.0403,-0.0969,0.3411,0.1838,0.2383,-0.0097,0.2105,3.00,2000.00,2100.00
Test,3,1,1,-0.0232,-2.4919,-0.2161,-0.1474,-0.1536,-0.2817,-0.2819,-0.3560,-0.1474,-0.2767,87400.00,40100.00,7000.00
Test,3,1,2,-0.0329,-0.1713,-0.0442,-0.1541,-0.1661,-0.1256,-0.0415,-0.0329,-0.1138,0.0122,4.00,20400.00,25500.00
Test,3,1,3,-0.0179,-1.0607,0.0043,-0.1355,-0.1577,-0.0222,-0.0222,0.0165,-0.0397,-0.0222,6600.00,11300.00,37100.00
Test,3,1,4,-0.0383,-0.2916,-0.1458,-0.1899,-0.1922,-0.1872,-0.3042,0.0000,-0.1899,-0.3042,100.00,100.00,100.00
Test,3,1,5,-0.0514,-0.2179,-0.1476,-0.2129,-0.2142,-0.2229,-0.0817,-0.0768,-0.2129,-0.0817,0.78,39000.00,2700.00
Test,3,1,6,-0.0527,0.0253,0.0189,-0.2041,-0.2090,-0.0354,-0.0830,-0.0206,-0.2041,-0.0830,4.00,8700.00,9400.00
Test,3,1,7,-0.0583,-0.0218,0.0201,-0.2225,-0.2210,0.0093,-0.0838,-0.0090,-0.2225,-0.0838,3.00,6800.00,200.00
Test,3,1,8,-0.0500,-0.0411,0.0271,-0.2178,-0.2143,0.0211,-0.0918,0.0131,-0.2178,-0.0918,0.86,70800.00,21500.00
Test,3,1,9,-0.0417,-0.0288,0.0510,-0.2065,-0.2055,0.0444,0.0194,0.0420,0.0202,0.0194,1.00,1.00,27700.00
Test,3,2,1,0.1332,-3.9786,0.1752,0.1453,0.1208,0.1247,0.1236,0.0000,0.1453,0.1236,100000.00,100000.00,35600.00
Test,3,2,2,0.0613,-0.2468,0.1524,0.0651,0.0692,0.0599,0.1333,0.0603,0.0772,0.1235,1.00,16400.00,12200.00
Test,3,2,3,0.0498,-0.2662,0.1412,0.0670,0.0694,0.0431,0.0431,0.1050,0.0670,0.0489,2.00,73700.00,600.00
Test,3,2,4,0.0514,-0.3152,0.0815,0.0726,0.0449,0.1062,0.1051,-0.1630,-0.1687,0.1027,0.37,0.35,1100.00
Test,3,2,5,0.0350,-0.3238,0.0645,0.0451,0.0231,0.0603,0.0790,-0.1357,0.0520,0.0776,1.00,700.00,600.00
Test,3,2,6,0.0524,-0.2570,0.0358,0.0542,0.0393,0.0305,0.0506,-0.2229,-0.1914,-0.2228,0.23,0.53,0.22
Test,3,2,7,0.0489,-0.2890,0.0136,0.0561,0.0419,0.0251,0.0419,-0.2823,-0.2595,-0.1732,0.06,0.30,1.00
Test,3,2,8,0.0402,-0.2295,0.0263,0.0642,0.0480,0.0254,0.0425,-0.2192,-0.2148,-0.1487,0.10,0.17,1.00
Test,3,2,9,-0.0119,-0.1521,-0.0647,-0.0273,-0.0282,-0.0391,-0.0345,-0.2020,-0.1901,-0.1945,0.82,1.00,1.00
Test,3,3,1,-0.0031,-1.5739,-0.0437,-0.0714,-0.0874,0.0243,0.0094,0.0000,-0.0714,0.0094,22500.00,12600.00,5900.00
Test,3,3,2,-0.0247,-0.0331,0.0239,-0.0884,-0.1143,0.0958,0.0958,0.0000,-0.0884,0.0958,16100.00,20200.00,35100.00
Test,3,3,3,-0.0288,0.0418,0.0591,-0.0802,-0.1115,0.0901,0.0901,0.0692,-0.0273,0.0934,0.23,9000.00,7300.00
Test,3,3,4,-0.0139,-0.0484,0.0494,-0.0632,-0.0907,0.0527,0.0527,0.0000,-0.0632,0.0527,20900.00,26100.00,10100.00
Test,3,3,5,-0.0140,-0.0009,0.0579,-0.0654,-0.0911,0.0538,0.0538,0.0000,-0.0654,0.0538,26800.00,41100.00,17300.00
Test,3,3,6,-0.0074,0.0465,0.0916,-0.0438,-0.0759,0.0494,0.0840,-0.0060,-0.0438,0.0840,100.00,27700.00,8600.00
Test,3,3,7,-0.0260,-0.0005,0.0603,-0.0780,-0.1002,-0.0241,-0.0103,-0.0184,-0.0342,-0.0103,100.00,9100.00,12500.00
Test,3,3,8,-0.0289,0.0529,0.0566,-0.1199,-0.1260,-0.0047,-0.0639,-0.0346,-0.0328,-0.0639,100.00,17000.00,8400.00
Test,3,3,9,0.0059,0.0004,0.1059,-0.0585,-0.1086,0.0718,0.0718,0.1159,0.0785,0.0793,4.00,19800.00,1100.00
Test,3,4,1,0.0114,-16.7801,-0.5261,-0.0696,-0.0785,-0.6177,-0.6177,-0.0266,-0.0696,-0.6177,100.00,92800.00,11400.00
Test,3,4,2,-0.0387,-0.7695,-0.7127,-0.1243,-0.1307,-0.7339,-0.7339,-0.4254,-0.1376,-0.7346,2.00,46200.00,800.00
Test,3,4,3,0.0195,-0.9198,-0.6953,-0.0622,-0.0689,-0.7614,-0.7614,-0.3246,-0.1007,-0.8073,2.00,100000.00,43200.00
Test,3,4,4,0.0059,-0.2267,-0.0914,-0.0732,-0.0746,-0.0803,-0.0803,-0.1611,-0.0710,-0.0836,3.00,900.00,1800.00
Test,3,4,5,-0.0113,-0.2020,-0.0984,-0.0954,-0.0982,-0.0862,-0.0906,-0.1361,-0.0582,-0.0851,3.00,28600.00,7300.00
Test,3,4,6,0.0338,-0.2155,-0.0423,-0.0651,-0.0669,-0.0019,-0.0187,-0.0188,-0.0651,-0.0106,18.00,28500.00,5600.00
Test,3,4,7,0.0211,-0.2376,-0.0273,-0.0865,-0.0857,-0.0179,-0.0618,-0.0204,-0.0492,-0.0491,7.00,6500.00,5300.00
Test,3,4,8,0.0127,-0.1551,-0.0467,-0.1029,-0.0998,-0.0726,-0.0793,-0.0315,-0.1029,-0.0793,7.00,50400.00,22700.00
Test,3,4,9,0.0150,-0.1784,-0.0333,-0.1407,-0.1255,-0.1091,-0.0964,-0.0568,-0.0750,-0.0668,11.00,19100.00,10100.00
Test,3,5,1,-0.0542,-1.4163,0.0160,-0.0763,-0.1039,0.0212,-0.0381,0.0775,0.0285,-0.0159,5300.00,5900.00,2200.00
Test,3,5,2,-0.0617,-0.1598,0.0550,-0.0754,-0.1057,0.0449,0.0693,-0.1103,-0.0846,0.0693,0.13,0.33,61800.00
Test,3,5,3,-0.0414,0.0329,0.0823,0.0046,-0.0517,0.0576,0.0696,0.0055,0.0122,0.0722,400.00,400.00,400.00
Test,3,5,4,-0.0485,-0.0600,0.0652,-0.0403,-0.0714,0.0450,0.0450,0.0000,-0.0403,0.0450,900.00,600.00,600.00
Test,3,5,5,-0.0581,-0.1212,0.0912,-0.0579,-0.0805,0.0331,0.0273,-0.0049,0.0168,0.0273,0.52,15.00,900.00
Test,3,5,6,-0.0651,-0.1508,0.0805,-0.0327,-0.0773,0.0682,-0.0076,-0.0960,-0.1016,-0.0076,0.31,0.28,1000.00
Test,3,5,7,-0.0696,-0.1990,0.0865,-0.0376,-0.0820,0.0563,0.0563,-0.0640,-0.0782,0.0563,0.71,0.64,1400.00
Test,3,5,8,-0.0696,-0.1996,0.0915,-0.0243,-0.0794,0.0675,0.0675,0.0639,0.0447,0.0675,3.00,10.00,2300.00
Test,3,5,9,-0.0790,-0.0517,0.1425,0.0736,-0.0557,0.1067,0.1067,0.1214,0.0896,0.1067,5.00,1700.00,70100.00
Test,3,6,1,0.0274,-0.4386,-0.0114,-0.0247,-0.0220,-0.0687,-0.0687,0.0507,-0.0247,-0.0687,100.00,100000.00,89500.00
Test,3,6,2,0.0161,-0.2049,-0.0616,-0.0341,-0.0328,-0.1329,-0.1207,-0.2115,-0.0319,-0.1207,0.09,6700.00,800.00
Test,3,6,3,0.0652,-0.7002,-0.0145,0.0229,0.0186,0.0423,0.0220,-0.6998,-0.6998,0.0340,0.00,0.00,7.00
Test,3,6,4,0.0527,-0.0251,0.0271,0.0018,-0.0005,0.0421,0.0328,0.0469,0.0018,0.0328,16.00,700.00,900.00
Test,3,6,5,-0.0132,-0.0470,-0.0277,-0.0786,-0.0727,-0.0310,-0.0252,-0.0215,-0.0468,-0.0150,17.00,1400.00,1400.00
Test,3,6,6,0.0250,-0.3501,-0.1232,-0.0991,-0.0337,-0.0945,-0.0764,-0.2754,-0.2700,-0.2910,1.00,1.00,0.84
Test,3,6,7,0.0093,-0.3532,-0.0920,-0.1177,-0.0517,-0.0477,-0.0856,-0.3208,-0.3224,-0.2964,0.41,0.36,0.66
Test,3,6,8,0.0175,-0.3466,-0.1029,-0.1460,-0.0726,-0.0991,-0.1058,-0.3271,-0.3061,-0.3116,0.46,0.70,0.68
Test,3,6,9,-0.0749,-0.2462,-0.1126,-0.2576,-0.1944,-0.0953,-0.1412,-0.2380,-0.2377,-0.1344,0.08,0.07,2.00
Test,3,7,1,-0.0751,-0.7726,0.0651,-0.0393,-0.0884,0.0240,0.0218,0.0000,-0.0393,0.0218,32100.00,19500.00,100000.00
Test,3,7,2,-0.0830,-0.2112,0.0621,-0.0208,-0.0356,0.0392,0.0392,0.0879,0.0699,0.0392,2.00,4.00,62100.00
Test,3,7,3,-0.0726,-0.0838,0.1264,0.0967,0.0761,0.1089,0.1242,0.0853,0.0330,0.1255,0.99,0.41,900.00
Test,3,7,4,-0.0654,0.0431,0.0699,0.0953,0.0749,0.0726,0.0854,0.0489,0.0956,0.0865,5.00,1200.00,1500.00
Test,3,7,5,-0.0634,-0.0817,0.0922,0.0684,0.0838,0.0773,0.0651,-0.0361,-0.0477,-0.0448,0.44,0.29,0.42
Test,3,7,6,-0.0319,-0.3064,0.0226,-0.0755,0.0326,0.0687,0.0687,-0.1394,-0.2293,0.0715,2.00,0.69,4400.00
Test,3,7,7,-0.0361,-0.3823,-0.0226,-0.0904,0.0363,0.0100,0.0224,-0.1485,-0.1303,0.0224,4.00,4.00,4400.00
Test,3,7,8,-0.0389,-0.3934,-0.0290,-0.0941,0.0454,0.0419,0.0119,-0.1319,-0.3230,-0.3091,5.00,0.74,0.88
Test,3,7,9,-0.0497,-0.2838,0.0127,-0.0931,0.0219,0.0358,0.0418,-0.0452,-0.0674,0.0505,12.00,100.00,5000.00
Test,3,8,1,-0.0016,-1.3307,0.1162,-0.0103,-0.0233,0.0833,0.1034,0.0071,0.0247,0.1105,6800.00,23400.00,13000.00
Test,3,8,2,-0.0117,-0.1592,0.1142,-0.0319,-0.0320,0.0701,0.0633,0.1013,-0.0228,0.0680,0.50,3400.00,3200.00
Test,3,8,3,-0.0006,-0.3162,0.1115,0.0048,-0.0375,0.0453,0.1035,0.1481,0.0048,0.1521,3.00,18300.00,10600.00
Test,3,8,4,0.0184,-0.0635,0.0883,0.0666,0.0325,0.1208,0.1208,0.1132,0.0672,0.1210,3.00,100.00,100.00
Test,3,8,5,-0.0187,-0.3906,0.0424,-0.0564,-0.0503,0.0886,0.0886,0.0590,-0.1782,0.0886,10.00,0.48,500.00
Test,3,8,6,0.0220,-0.1044,0.0520,-0.0278,-0.0119,0.0570,0.0808,-0.0687,-0.0426,0.0821,0.36,1.00,400.00
Test,3,8,7,-0.0244,-0.1460,0.0027,-0.0897,-0.0536,0.0022,-0.0715,-0.1185,-0.1243,-0.0706,0.51,0.43,300.00
Test,3,8,8,-0.0318,-0.1723,-0.0048,-0.0953,-0.0630,-0.0123,0.0129,-0.1231,-0.1250,-0.0018,0.51,0.50,28.00
Test,3,8,9,-0.0337,-0.1877,-0.0032,-0.0992,-0.0694,0.0151,0.0330,0.0201,-0.1343,0.0330,10.00,0.77,96500.00
Test,3,9,1,-0.0926,-58.9511,-0.2481,-0.1557,-0.1589,-0.0944,-0.0196,0.0000,-0.1557,-0.0196,29100.00,7900.00,13500.00
Test,3,9,2,-0.1510,-0.5438,-0.2461,-0.2231,-0.2228,-0.1628,-0.1477,0.0000,-0.1917,-0.1388,100000.00,600.00,3100.00
Test,3,9,3,-0.1558,-0.2843,-0.2456,-0.2226,-0.2259,-0.0658,-0.0619,0.0000,-0.2159,-0.0619,90900.00,100.00,200.00
Test,3,9,4,-0.0933,-0.1884,-0.0549,-0.0966,-0.0302,-0.1216,-0.0831,0.0000,-0.0966,-0.0881,99100.00,3200.00,100.00
Test,3,9,5,-0.2187,-0.1006,-0.0462,-0.2927,-0.2810,0.0126,-0.0419,-0.0253,-0.2927,-0.0419,6.00,35100.00,94200.00
Test,3,9,6,-0.0056,-0.2465,0.0011,-0.0830,-0.0682,0.0093,0.0050,-0.2291,0.0440,0.0050,0.04,10.00,3000.00
Test,3,9,7,-0.0378,-0.0835,0.0176,-0.1316,-0.1141,0.0112,0.0062,-0.0835,0.0255,0.0062,0.00,9.00,21200.00
Test,3,9,8,-0.0495,-0.1679,0.0019,-0.1516,-0.1258,0.0137,0.0074,-0.1679,-0.1080,0.0076,0.00,8600.00,100.00
Test,3,9,9,-0.2550,-0.1538,-0.0955,-0.5324,-0.4700,-0.0659,-0.0807,-0.1149,-0.5324,-0.0807,7.00,4700.00,5300.00
Test,3,10,1,-0.0479,-3.1217,0.0009,-0.0594,-0.0181,-0.0419,-0.0419,0.0000,-0.0594,-0.0419,72800.00,37200.00,100000.00
Test,3,10,2,-0.0508,-0.1697,0.0118,-0.0751,-0.0758,0.0237,0.0234,-0.1723,-0.1767,-0.1545,0.62,0.59,0.36
Test,3,10,3,-0.0490,-0.3007,0.0136,-0.0694,-0.0727,0.0529,0.0529,-0.1270,-0.1276,0.0529,0.99,1.00,99400.00
Test,3,10,4,0.0010,-0.0216,0.0197,0.0299,0.0258,-0.0148,0.0378,0.0236,0.0589,0.0407,2.00,8.00,900.00
Test,3,10,5,0.0135,0.0124,0.0373,0.0334,0.0393,0.0436,0.0532,0.0401,0.0679,0.0532,2.00,9.00,11400.00
Test,3,10,6,0.0223,-0.0069,0.0256,0.0729,0.0653,0.0217,0.0217,0.0190,0.0328,0.0239,2.00,3.00,900.00
Test,3,10,7,-0.0037,-0.0087,0.0099,0.0517,0.0430,0.0005,-0.0075,-0.0004,0.0251,-0.0075,2.00,5.00,800.00
Test,3,10,8,0.0036,-0.0338,-0.0200,0.0353,0.0463,-0.0210,-0.0166,-0.0341,-0.0281,-0.0166,2.00,2.00,1500.00
Test,3,10,9,-0.0252,-0.0311,0.0060,-0.0005,0.0049,0.0077,0.0282,-0.0175,-0.0196,0.0282,2.00,2.00,4100.00
Test,3,11,1,-0.0977,-2.4859,-0.0200,-0.0993,-0.1175,-0.2184,-0.0310,-0.0644,-0.0189,0.0202,56800.00,44100.00,37800.00
Test,3,11,2,-0.1125,-0.2980,-0.0142,-0.1097,-0.1370,0.0073,-0.0001,-0.0069,0.0151,0.0277,0.35,10500.00,4700.00
Test,3,11,3,-0.0868,-0.0774,-0.0942,-0.0641,-0.0961,-0.2767,-0.0013,-0.0545,-0.0540,-0.0013,0.04,0.04,3500.00
Test,3,11,4,-0.0831,-0.0614,0.0011,-0.0780,-0.0981,-0.0104,-0.0155,-0.0730,-0.0780,-0.0155,5.00,100000.00,39100.00
Test,3,11,5,-0.0894,-0.0472,0.0832,-0.0987,-0.1136,-0.0810,-0.0585,-0.0157,-0.0987,-0.0585,8.00,1300.00,13900.00
Test,3,11,6,-0.0545,-0.1284,0.0396,-0.0643,-0.0805,0.0446,-0.0941,-0.0003,-0.1283,-0.0941,3.00,0.00,100000.00
Test,3,11,7,-0.0579,-0.0398,0.0636,-0.0646,-0.0810,-0.0128,0.0069,0.0233,-0.0646,0.0069,7.00,100000.00,1900.00
Test,3,11,8,-0.0619,-0.1019,0.0468,-0.0696,-0.0825,0.0408,0.0637,-0.0045,-0.0696,0.0637,10.00,800.00,2500.00
Test,3,11,9,-0.0512,0.0385,0.1311,-0.0482,-0.0699,0.0612,0.0820,0.0238,-0.0482,0.0820,13.00,1600.00,17500.00
Test,4,1,1,-0.0106,-4.1143,-0.2495,-0.0733,-0.0749,-0.1479,-0.2507,0.0018,-0.0733,-0.2507,2000.00,100000.00,67100.00
Test,4,1,2,-0.0254,-0.2223,-0.0316,-0.0915,-0.0942,-0.0229,-0.0229,-0.0503,-0.0915,-0.0229,0.62,700.00,1400.00
Test,4,1,3,0.0014,-1.2653,-0.0047,-0.0602,-0.0712,0.0092,0.0092,-0.3739,-0.0602,0.0092,0.36,27300.00,83800.00
Test,4,1,4,-0.0529,-0.4700,-0.1363,-0.1506,-0.1422,-0.1859,-0.1983,-0.1090,-0.1506,-0.1983,0.78,100.00,100.00
Test,4,1,5,-0.0836,-0.2294,-0.1318,-0.1914,-0.1816,-0.2389,-0.3090,-0.0900,-0.0995,-0.3090,0.76,0.67,9100.00
Test,4,1,6,-0.0630,-0.0839,0.0085,-0.1678,-0.1568,-0.0494,-0.0769,-0.0624,-0.0519,0.0022,6.00,6200.00,5800.00
Test,4,1,7,-0.0709,-0.1444,0.0105,-0.1767,-0.1639,-0.0703,-0.1050,-0.0265,-0.0863,-0.0407,3.00,7800.00,12600.00
Test,4,1,8,-0.0677,-0.1795,-0.0116,-0.1761,-0.1609,-0.0713,-0.1129,-0.0390,-0.1761,-0.1129,4.00,17000.00,8400.00
Test,4,1,9,-0.0644,-0.2488,0.0162,-0.1720,-0.1578,-0.0279,-0.0141,-0.0106,-0.0069,-0.0130,4.00,3.00,400.00
Test,4,2,1,0.1887,-1.1857,0.2413,0.1981,0.1731,0.1933,0.2035,0.0300,0.1998,0.2082,6100.00,2600.00,2800.00
Test,4,2,2,0.1453,-0.1355,0.1503,0.1272,0.1158,0.1185,0.1185,-0.0951,-0.0214,-0.0530,0.19,0.62,0.25
Test,4,2,3,0.1403,-0.1035,0.1971,0.1375,0.1189,0.1623,0.1690,-0.0318,-0.0211,0.1843,0.19,0.24,9.00
Test,4,2,4,0.1405,-0.1365,0.0840,0.1329,0.1135,0.1256,0.0970,-0.0695,-0.0696,0.0428,1.00,0.99,3.00
Test,4,2,5,0.1227,-0.2052,0.0929,0.1104,0.0918,0.0724,0.0696,-0.0382,-0.0332,0.0702,3.00,3.00,6100.00
Test,4,2,6,0.1478,-0.2830,0.0542,0.1085,0.1047,-0.0568,-0.0359,-0.1692,-0.1197,-0.0383,2.00,3.00,18500.00
Test,4,2,7,0.1561,-0.3128,0.0278,0.1082,0.1086,-0.0249,-0.0118,-0.1960,-0.1047,-0.0116,2.00,4.00,19800.00
Test,4,2,8,0.1546,-0.2253,0.0305,0.1146,0.1138,-0.0148,0.0177,-0.1397,-0.0681,-0.0790,2.00,4.00,5.00
Test,4,2,9,0.0236,-0.2123,-0.1034,-0.0302,-0.0296,-0.1334,-0.1334,-0.2408,-0.1701,-0.1599,2.00,5.00,6.00
Test,4,3,1,-0.0094,-0.9882,-0.0340,-0.0413,-0.0530,0.0542,0.0172,0.0000,-0.0413,0.0172,50200.00,81600.00,100.00
Test,4,3,2,-0.0447,-0.0383,0.0749,-0.0744,-0.0911,0.0606,0.0397,-0.0074,0.0467,0.0771,9.00,27800.00,49600.00
Test,4,3,3,-0.0398,0.0331,0.0702,-0.0598,-0.0799,0.0731,0.0701,0.0734,0.0547,0.0808,3.00,24000.00,11900.00
Test,4,3,4,-0.0287,-0.0738,0.0699,-0.0448,-0.0622,0.0456,0.0790,0.0511,0.0339,0.0729,5.00,7.00,22000.00
Test,4,3,5,-0.0318,0.0190,0.0681,-0.0477,-0.0628,0.0431,0.0694,0.0453,-0.0477,0.0694,6.00,42000.00,38900.00
Test,4,3,6,-0.0091,0.0585,0.0973,-0.0117,-0.0317,0.0811,0.0988,0.0980,0.0695,0.0988,2.00,30200.00,94300.00
Test,4,3,7,-0.0393,-0.0269,0.0499,-0.0563,-0.0667,-0.0200,0.0335,0.0504,-0.0563,0.0335,8.00,53700.00,81000.00
Test,4,3,8,-0.0611,-0.0674,0.0404,-0.1011,-0.1016,-0.0164,-0.0124,-0.0024,-0.1011,-0.0124,14.00,36700.00,28400.00
Test,4,3,9,-0.0347,0.0563,0.0976,-0.0419,-0.0673,0.0947,0.0833,0.0711,-0.0038,0.0916,11.00,35500.00,9700.00
Test,4,4,1,0.0589,-1.2051,-0.3918,-0.0059,-0.0134,-0.4822,-0.4822,0.0647,0.0099,-0.4906,100.00,1900.00,1400.00
Test,4,4,2,0.0040,-0.7923,-0.5168,-0.0728,-0.0701,-0.6054,-0.6054,-0.4467,-0.4723,-0.6054,0.32,0.28,5800.00
Test,4,4,3,0.0766,-0.4308,-0.2066,0.0037,0.0045,0.0239,-0.0327,0.0161,-0.0173,-0.0327,100.00,20600.00,26200.00
Test,4,4,4,0.0378,-0.2295,-0.0332,-0.0270,-0.0193,-0.0138,-0.0206,-0.1276,-0.0035,-0.0210,3.00,92700.00,9400.00
Test,4,4,5,0.0093,-0.1041,-0.0740,-0.0565,-0.0490,-0.0360,-0.0452,-0.1064,-0.0953,-0.0459,0.78,3.00,400.00
Test,4,4,6,0.0371,-0.1549,-0.0078,-0.0257,-0.0182,-0.0121,-0.0129,0.0171,-0.0282,-0.0129,27.00,5.00,70100.00
Test,4,4,7,0.0084,-0.1438,-0.0420,-0.0620,-0.0530,-0.0386,-0.0386,-0.0233,-0.0620,-0.0373,18.00,29300.00,1900.00
Test,4,4,8,-0.0028,-0.1746,-0.0877,-0.0878,-0.0754,-0.1006,-0.1247,-0.0865,-0.0920,-0.1448,9.00,13.00,37000.00
Test,4,4,9,-0.0295,-0.1391,-0.0788,-0.1208,-0.1099,-0.1364,-0.0682,-0.0870,-0.0946,-0.0682,19.00,22400.00,100.00
Test,4,5,1,-0.0801,-0.3046,-0.0202,-0.1030,-0.1217,-0.0499,-0.0499,0.0479,0.0022,-0.0492,11100.00,19800.00,500.00
Test,4,5,2,-0.0888,-0.1864,-0.0086,-0.1097,-0.1260,0.0020,-0.0348,-0.1141,-0.1085,-0.0348,0.56,0.51,600.00
Test,4,5,3,-0.0476,-0.0896,0.0139,-0.0528,-0.0795,0.0163,0.0042,-0.0847,-0.0397,0.0100,0.46,0.89,600.00
Test,4,5,4,-0.0524,-0.0943,0.0380,-0.0876,-0.0793,0.0147,0.0017,0.0000,-0.0138,0.0017,100.00,26.00,37300.00
Test,4,5,5,-0.0658,-0.2116,0.0462,-0.1093,-0.0895,-0.0235,-0.0236,-0.0010,-0.0313,-0.0219,9.00,27.00,1000.00
Test,4,5,6,-0.0622,-0.2665,0.0462,-0.0648,-0.0668,0.0168,0.0103,-0.1606,-0.1745,0.0182,0.28,0.25,1100.00
Test,4,5,7,-0.0709,-0.2659,0.0395,-0.0769,-0.0766,0.0013,-0.0082,0.0041,-0.0049,-0.0082,1200.00,16.00,1400.00
Test,4,5,8,-0.0698,-0.2830,0.0405,-0.0750,-0.0730,-0.0048,-0.0320,0.0000,-0.0042,-0.0320,98100.00,17.00,1600.00
Test,4,5,9,-0.0705,-0.0651,0.0721,-0.0136,-0.0584,0.0443,0.0354,0.0015,0.0131,0.0365,1500.00,100.00,1500.00
Test,4,6,1,0.0422,-43.8855,-0.0541,0.0139,0.0223,-0.2108,-0.0766,0.0733,0.0360,-0.0444,100.00,65300.00,15300.00
Test,4,6,2,0.0277,-0.3573,-0.0692,-0.0044,0.0084,-0.1020,-0.1020,-0.2195,0.0100,-0.0715,0.31,5800.00,3600.00
Test,4,6,3,0.0961,-0.3182,0.0295,0.0722,0.0815,0.0710,0.1051,0.1287,0.0722,0.1033,16.00,44500.00,1100.00
Test,4,6,4,0.0857,-0.2093,0.0346,0.0527,0.0626,0.0421,0.1151,0.1059,0.0585,0.1150,5.00,2.00,600.00
Test,4,6,5,-0.0128,-0.2720,-0.0501,-0.0502,-0.0323,-0.0096,-0.0084,-0.0674,-0.1050,-0.1021,2.00,0.87,0.85
Test,4,6,6,0.0396,-0.5713,-0.0925,-0.0157,0.0247,-0.0815,-0.1247,-0.5711,-0.5711,-0.5608,0.00,0.00,0.02
Test,4,6,7,0.0107,-0.6451,-0.0921,-0.0498,-0.0055,-0.0332,-0.1519,-0.6449,-0.6449,-0.6173,0.00,0.00,0.05
Test,4,6,8,0.0024,-0.6072,-0.1040,-0.0811,-0.0273,-0.0420,-0.0739,-0.6071,-0.5981,-0.5316,0.00,0.02,0.18
Test,4,6,9,-0.1114,-0.5626,-0.1402,-0.1984,-0.1564,-0.1058,-0.1316,-0.1750,-0.1775,-0.1261,2.00,4.00,2500.00
Test,4,7,1,-0.1277,-0.9882,0.0324,-0.1123,-0.1177,-0.0758,-0.0532,0.0000,-0.1123,-0.0532,39200.00,2400.00,10200.00
Test,4,7,2,-0.1377,-0.1218,-0.0024,-0.1339,-0.1421,-0.0108,0.0045,-0.0083,0.0034,0.0045,4.00,8800.00,100.00
Test,4,7,3,-0.1151,-0.1063,0.0604,0.0384,-0.0032,0.0554,0.0591,0.0018,0.0081,0.0592,2.00,2.00,100.00
Test,4,7,4,-0.1108,-0.1062,0.0035,0.0498,0.0215,0.0335,0.0447,-0.0154,0.0500,0.0452,4.00,8500.00,9300.00
Test,4,7,5,-0.1149,-0.0586,0.0122,-0.0190,0.0582,-0.0015,0.0397,-0.0467,-0.0114,0.0397,4.00,24.00,1500.00
Test,4,7,6,-0.0617,-0.1492,-0.0460,-0.1772,-0.0138,0.0127,0.0252,0.0000,-0.1046,0.0252,57700.00,100.00,59400.00
Test,4,7,7,-0.0662,-0.2343,-0.0769,-0.1891,-0.0681,-0.0189,-0.0107,0.0000,-0.1165,-0.0086,39100.00,100.00,10800.00
Test,4,7,8,-0.0668,-0.2791,-0.0706,-0.1960,-0.0619,-0.0143,-0.0117,-0.1019,-0.1225,-0.0116,10.00,100.00,300.00
Test,4,7,9,-0.0826,-0.1616,-0.0230,-0.1443,0.0027,0.0034,-0.0192,0.0000,-0.0932,-0.0192,31900.00,100.00,53100.00
Test,4,8,1,-0.0189,-0.5978,0.0721,-0.0141,-0.0068,0.0324,0.0518,0.0000,-0.0141,0.0518,57700.00,33500.00,13000.00
Test,4,8,2,-0.0392,-0.1971,0.0477,-0.0405,-0.0379,0.0557,0.0292,0.0676,0.0934,0.0303,1.00,23300.00,100.00
Test,4,8,3,-0.0202,-0.1601,0.0680,-0.0016,-0.0108,-0.0533,-0.0533,-0.0754,-0.0400,-0.1753,0.89,1.00,14900.00
Test,4,8,4,-0.0076,-0.0200,0.0964,0.0339,0.0173,0.1176,0.1043,0.1053,0.1069,0.1043,2.00,5.00,12100.00
Test,4,8,5,-0.0633,-0.3362,0.0158,-0.0586,-0.0440,0.0657,-0.0030,-0.0981,-0.1070,-0.0018,1.00,0.94,400.00
Test,4,8,6,-0.0226,-0.1918,0.0309,-0.0127,0.0015,0.0642,0.0472,-0.1917,0.0440,0.0179,0.00,5.00,4.00
Test,4,8,7,-0.0744,-0.2383,-0.0327,-0.0757,-0.0307,-0.0010,0.0069,-0.0131,-0.0101,0.0069,4.00,5.00,1300.00
Test,4,8,8,-0.0854,-0.3385,-0.0417,-0.0876,-0.0470,-0.0169,-0.0128,-0.0161,-0.0271,-0.0303,7.00,6.00,6.00
Test,4,8,9,-0.0818,-0.3272,-0.0326,-0.0677,-0.0319,-0.0223,0.0224,-0.0070,-0.0418,0.0224,8.00,8.00,77800.00
Test,4,9,1,0.0112,-12.9900,0.0340,-0.0083,-0.0084,0.1156,0.0393,0.0888,-0.0114,0.0396,52400.00,21800.00,3100.00
Test,4,9,2,-0.0376,-0.2309,-0.0133,-0.0712,-0.0639,0.0403,0.0004,-0.2098,-0.2049,-0.2048,0.02,0.02,0.02
Test,4,9,3,0.0047,-0.4221,-0.0200,-0.0108,-0.0104,0.1008,0.0203,0.0707,-0.0108,0.0203,2.00,6500.00,98000.00
Test,4,9,4,0.0724,-0.0007,0.0626,0.0879,0.1367,0.0555,-0.0624,0.0440,0.1296,-0.0624,2.00,7.00,200.00
Test,4,9,5,-0.0397,-0.1164,0.0838,-0.1076,-0.0826,0.0440,0.0424,0.0494,0.0869,0.0424,2.00,5.00,1300.00
Test,4,9,6,0.0758,-0.4955,-0.0261,-0.0475,-0.0251,-0.0330,0.0000,-0.3417,-0.3372,0.0000,0.26,0.28,500.00
Test,4,9,7,0.0364,-0.1892,-0.0129,-0.1096,-0.0836,-0.0074,0.0112,-0.0056,0.0178,0.0112,3.00,5.00,46600.00
Test,4,9,8,0.0287,-0.2800,-0.0639,-0.1319,-0.0976,-0.0540,-0.0333,-0.1468,-0.0143,-0.0333,0.29,5.00,34800.00
Test,4,9,9,-0.1607,-0.2155,-0.1303,-0.4609,-0.3943,-0.1638,-0.1164,-0.1171,-0.1545,-0.1175,2.00,4.00,100.00
Test,4,10,1,0.0021,-0.6924,-0.0338,-0.0339,-0.0035,-0.0353,-0.0353,-0.0005,-0.0339,-0.0372,100.00,7500.00,100.00
Test,4,10,2,-0.0266,-0.2378,0.0370,-0.0505,-0.0321,0.0359,0.0359,-0.0927,-0.0005,0.0359,0.86,11800.00,28300.00
Test,4,10,3,-0.0235,-0.1942,0.0658,-0.0200,-0.0131,0.0797,0.0712,0.0166,-0.0141,0.0712,2.00,500.00,700.00
Test,4,10,4,0.0298,-0.0350,0.0650,0.0703,0.0767,0.0501,0.0501,0.0730,0.0855,0.0501,5.00,6.00,100000.00
Test,4,10,5,0.0419,-0.0583,0.0635,0.0719,0.0619,0.0565,0.0565,0.0647,0.0625,0.0426,6.00,3.00,44400.00
Test,4,10,6,0.0503,-0.0677,0.0503,0.1141,0.1032,0.0610,0.0408,0.0542,0.0489,0.0332,4.00,3.00,15500.00
Test,4,10,7,0.0353,-0.0393,0.0573,0.1046,0.0954,0.0635,0.0650,0.0365,0.0406,0.0650,3.00,3.00,37100.00
Test,4,10,8,0.0221,-0.0568,0.0350,0.0969,0.0929,0.0470,0.0232,0.0198,-0.0022,0.0250,4.00,2.00,3200.00
Test,4,10,9,-0.0017,-0.0864,0.0312,0.0386,0.0395,0.0530,0.0465,0.0279,0.0106,0.0463,4.00,2.00,5800.00
Test,4,11,1,-0.1270,-1.1276,-0.0530,-0.0913,-0.1032,-0.1510,-0.1082,0.0000,-0.0913,-0.1083,62800.00,18500.00,25500.00
Test,4,11,2,-0.1568,-0.0843,-0.0317,-0.1219,-0.1395,-0.2200,-0.2200,-0.0307,-0.1219,-0.2200,0.70,17400.00,1200.00
Test,4,11,3,-0.1006,-0.2418,-0.0315,-0.0584,-0.0772,-0.1919,-0.0002,-0.0816,-0.0772,0.0000,7.00,0.66,900.00
Test,4,11,4,-0.1063,-0.3864,-0.0979,-0.0724,-0.0838,0.0020,-0.0276,-0.0927,-0.0738,-0.0276,8.00,3.00,600.00
Test,4,11,5,-0.1286,-0.4238,0.0447,-0.0976,-0.1046,-0.0711,-0.0617,-0.4051,-0.3971,-0.0617,0.02,0.03,900.00
Test,4,11,6,-0.0931,-0.3340,0.0300,-0.0507,-0.0586,-0.0202,0.0109,-0.2268,-0.2359,-0.2919,0.12,0.11,0.04
Test,4,11,7,-0.1006,-0.2439,0.0545,-0.0574,-0.0642,0.0284,-0.0039,-0.0198,0.0129,-0.0039,12.00,3.00,65000.00
Test,4,11,8,-0.1126,-0.3965,0.0398,-0.0647,-0.0681,-0.0459,-0.0490,-0.0195,-0.0010,-0.0490,8.00,4.00,33600.00
Test,4,11,9,-0.1037,-0.1973,0.1046,-0.0383,-0.0461,0.0877,0.0601,-0.0025,0.0258,0.0601,9.00,6.00,13900.00