TrainOrTest,Data,Sample Size,Median,OW,OW*,CWM,CEWM,SSIN,SSDE,RegE,RegC,RegS,Lambda_RegE,Lambda_RegC,Lambda_RegS
Train,Inflation,1,0.0211,0.6705,0.3069,0.2559,0.2346,0.3042,0.3042,0.6638,0.6457,0.5795,,,
Train,Inflation,2,0.0179,0.5142,0.2452,0.1847,0.1458,0.2449,0.2449,0.5136,0.5088,0.4972,,,
Train,Inflation,3,0.0141,0.4143,0.2163,0.1680,0.1195,0.2150,0.2150,0.3854,0.3545,0.4050,,,
Train,Inflation,4,0.0104,0.3579,0.2277,0.1712,0.1304,0.2277,0.2277,0.3398,0.3446,0.3351,,,
Train,Inflation,5,-0.0021,0.2591,0.1568,0.1331,0.0948,0.1457,0.1457,0.2581,0.2499,0.2574,,,
Train,Inflation,6,0.0014,0.2165,0.1260,0.1161,0.0768,0.1249,0.1249,0.2103,0.2117,0.2156,,,
Train,Inflation,7,0.0039,0.0867,0.0393,0.0357,0.0301,0.0391,0.0391,0.0655,0.0738,0.0751,,,
Train,Inflation,8,0.0066,0.1533,0.0603,0.0568,0.0477,0.0577,0.0577,0.1522,0.1320,0.1510,,,
Train,Inflation,9,0.0033,0.1708,0.0754,0.0692,0.0465,0.0698,0.0698,0.1657,0.1541,0.1677,,,
Train,Unemployment,1,0.0204,0.3532,0.1277,0.0935,0.0788,0.1274,0.1274,0.2966,0.2967,0.3157,,,
Train,Unemployment,2,0.0290,0.2770,0.1225,0.0894,0.0386,0.1216,0.1216,0.2691,0.2617,0.2691,,,
Train,Unemployment,3,0.0392,0.2938,0.1356,0.0894,0.0475,0.1353,0.1353,0.2902,0.2829,0.2912,,,
Train,Unemployment,4,0.0310,0.1959,0.1044,0.0730,0.0368,0.1038,0.1038,0.1873,0.1859,0.1913,,,
Train,Unemployment,5,0.0140,0.1138,0.0573,0.0515,0.0524,0.0524,0.0524,0.1101,0.1021,0.0790,,,
Train,Unemployment,6,0.0259,0.1415,0.0783,0.0645,0.0491,0.0755,0.0755,0.1035,0.1211,0.1226,,,
Train,Unemployment,7,0.0177,0.1215,0.0713,0.0490,0.0452,0.0663,0.0663,0.1020,0.1035,0.1123,,,
Train,Unemployment,8,0.0124,0.0803,0.0609,0.0430,0.0341,0.0559,0.0559,0.0592,0.0689,0.0725,,,
Train,Unemployment,9,0.0085,0.0799,0.0593,0.0503,0.0367,0.0485,0.0485,0.0628,0.0678,0.0648,,,
Test,Inflation,1,0.0036,-0.2461,-0.0185,0.0065,0.0067,-0.0236,-0.0236,-0.2197,-0.1704,-0.1511,0.04,0.07,0.19
Test,Inflation,2,0.0033,-0.2130,-0.0273,-0.0014,0.0058,-0.0289,-0.0289,-0.2150,-0.1950,-0.2025,0.03,0.10,0.13
Test,Inflation,3,0.0032,-0.2267,-0.0326,-0.0597,-0.0540,-0.0356,-0.0356,-0.2126,-0.1859,-0.2031,0.45,0.80,0.18
Test,Inflation,4,0.0034,-0.2203,-0.0429,-0.0621,-0.0744,-0.0429,-0.0429,-0.2064,-0.2106,-0.1761,0.56,0.49,0.62
Test,Inflation,5,0.0060,-0.1938,-0.0579,-0.0489,-0.0360,-0.0499,-0.0499,-0.1851,-0.1585,-0.1816,0.15,0.49,0.18
Test,Inflation,6,0.0057,-0.2897,-0.0979,-0.0948,-0.0493,-0.1069,-0.1069,-0.2342,-0.2433,-0.2742,0.60,0.56,0.21
Test,Inflation,7,0.0048,0.0458,-0.0615,-0.0179,0.0217,-0.0543,-0.0543,0.0756,0.0435,0.0176,2.00,2.00,2.00
Test,Inflation,8,-0.0114,0.0314,0.0747,0.0870,0.0784,0.0326,0.0326,0.0569,0.1300,0.0640,0.48,3.00,0.76
Test,Inflation,9,0.0731,-0.9002,-0.5212,-0.3251,-0.0990,-0.6382,-0.6382,-0.7593,-0.6842,-0.8549,1.00,3.00,0.83
Test,Unemployment,1,0.0015,-0.0593,-0.0898,-0.0175,-0.0138,-0.0952,-0.0952,-0.0537,-0.0308,-0.0676,1.00,1.00,1.00
Test,Unemployment,2,-0.0015,-0.0165,0.0089,0.0168,0.0179,0.0078,0.0078,0.0012,0.0089,0.0050,0.67,1.00,0.71
Test,Unemployment,3,-0.0064,-0.0598,-0.0012,0.0266,0.0140,-0.0027,-0.0027,-0.0406,-0.0287,-0.0430,0.57,1.00,0.45
Test,Unemployment,4,-0.0050,-0.0086,0.0046,0.0264,0.0165,0.0029,0.0029,0.0120,0.0139,0.0101,0.86,1.00,0.67
Test,Unemployment,5,-0.0032,-0.0126,0.0291,0.0411,0.0129,0.0129,0.0129,0.0045,0.0191,0.0173,1.00,2.00,4.00
Test,Unemployment,6,-0.0319,-0.1167,-0.0212,0.0254,0.0190,-0.0489,-0.0489,-0.0682,-0.0441,-0.0862,6.00,4.00,4.00
Test,Unemployment,7,-0.0529,-0.3396,-0.1270,-0.0654,-0.0508,-0.1237,-0.1237,-0.2240,-0.1934,-0.2871,6.00,6.00,4.00
Test,Unemployment,8,-0.0457,-0.0239,-0.0422,0.0442,-0.0210,-0.1292,-0.1292,-0.0823,0.0005,-0.0950,6.00,5.00,5.00
Test,Unemployment,9,-0.0457,0.1033,0.0522,0.1278,0.0484,0.1351,0.1351,0.0693,0.1025,0.1354,5.00,5.00,9.00
Train,1,1,-0.3318,0.0668,0.0670,0.0266,0.0364,0.0000,0.0364,0.0000,0.0266,0.0364,,,
Train,1,2,-0.0381,0.0848,0.0460,0.0158,0.0349,0.0349,0.0349,0.0000,0.0158,0.0349,,,
Train,1,3,-0.0341,0.0370,0.0283,-0.0193,0.0197,0.0197,0.0197,0.0000,-0.0193,0.0197,,,
Train,1,4,-0.0191,0.0065,0.0065,-0.0075,0.0029,0.0029,0.0029,0.0000,-0.0075,0.0029,,,
Train,1,5,-0.0366,0.0100,0.0094,0.0060,0.0053,0.0053,0.0053,0.0000,0.0060,0.0053,,,
Train,1,6,-0.0251,0.0133,0.0102,0.0061,0.0099,0.0099,0.0099,0.0000,0.0061,0.0099,,,
Train,1,7,-0.0215,0.0202,0.0189,0.0024,0.0177,0.0177,0.0177,0.0000,0.0024,0.0177,,,
Train,1,8,-0.0679,0.1023,NA,0.0904,0.0751,0.0751,0.0751,0.1008,0.0904,0.0751,,,
Train,1,9,-0.0342,0.0377,NA,0.0317,0.0325,0.0325,0.0325,0.0000,0.0317,0.0325,,,
Train,2,1,-0.1137,0.2323,0.2166,-0.0251,0.1811,0.1811,0.1811,0.0000,0.1739,0.1811,,,
Train,2,2,-0.0034,0.0504,0.0381,0.0246,0.0353,0.0353,0.0353,0.0000,0.0246,0.0353,,,
Train,2,3,-0.0295,0.0473,0.0325,0.0324,0.0268,0.0290,0.0290,0.0000,0.0324,0.0290,,,
Train,2,4,-0.0117,0.0164,0.0163,0.0130,0.0160,0.0160,0.0160,0.0000,0.0130,0.0160,,,
Train,2,5,0.0066,0.0766,0.0565,0.0546,0.0519,0.0519,0.0519,0.0000,0.0546,0.0519,,,
Train,2,6,0.0223,0.0399,0.0093,0.0303,0.0288,0.0293,0.0293,0.0000,0.0303,0.0293,,,
Train,2,7,0.0184,0.0458,NA,0.0328,0.0301,0.0332,0.0332,0.0000,0.0328,0.0332,,,
Train,2,8,-0.0464,0.0930,NA,0.0772,0.0274,0.0740,0.0740,0.0000,0.0772,0.0740,,,
Train,2,9,-0.0295,0.0263,NA,0.0255,0.0069,0.0111,0.0111,0.0000,0.0255,0.0111,,,
Train,3,1,-0.2236,0.4684,0.4347,0.0220,0.4218,0.4218,0.4218,0.3607,0.4192,0.4218,,,
Train,3,2,-0.0391,0.1134,0.1040,0.0488,0.1037,0.1037,0.1037,0.1136,0.1130,0.1037,,,
Train,3,3,-0.0727,0.0719,0.0575,0.0485,0.0417,0.0417,0.0417,0.0000,0.0485,0.0417,,,
Train,3,4,-0.0326,0.1071,0.0878,0.0863,0.0863,0.0863,0.0863,0.0939,0.0863,0.0863,,,
Train,3,5,-0.0069,0.0162,0.0108,0.0070,0.0072,0.0072,0.0072,0.0000,0.0070,0.0072,,,
Train,3,6,0.0034,0.0147,0.0040,0.0070,0.0107,0.0107,0.0107,0.0000,0.0070,0.0107,,,
Train,3,7,0.0029,0.0217,NA,0.0145,0.0108,0.0128,0.0128,0.0000,0.0145,0.0128,,,
Train,3,8,-0.0423,0.0586,NA,0.0233,0.0321,0.0321,0.0321,0.0000,0.0233,0.0321,,,
Train,3,9,-0.0332,0.0451,NA,0.0271,0.0203,0.0203,0.0203,0.0000,0.0271,0.0203,,,
Train,4,1,-0.2118,0.5600,0.5343,0.2112,0.2112,0.4481,0.4481,0.5173,0.5011,0.4481,,,
Train,4,2,-0.0622,0.1314,0.1223,0.0523,0.0523,0.0970,0.0970,0.0000,0.0523,0.0970,,,
Train,4,3,-0.0844,0.2668,0.1557,0.1557,0.1195,0.1352,0.1352,0.2668,0.2607,0.2245,,,
Train,4,4,-0.0501,0.2085,0.1526,0.1501,0.0996,0.1508,0.1508,0.1907,0.1501,0.1508,,,
Train,4,5,-0.0118,0.1230,NA,0.0381,0.0389,0.0389,0.0389,0.0000,0.0381,0.0389,,,
Train,4,6,-0.0096,0.0580,NA,0.0337,0.0359,0.0359,0.0359,0.0000,0.0337,0.0359,,,
Train,4,7,-0.0093,0.0445,NA,0.0278,0.0296,0.0296,0.0296,0.0000,0.0278,0.0296,,,
Train,4,8,-0.0353,0.0896,NA,0.0451,0.0542,0.0542,0.0542,0.0896,0.0451,0.0542,,,
Train,4,9,-0.0332,0.0987,NA,0.0555,0.0478,0.0478,0.0478,0.0987,0.0985,0.0987,,,
Train,5,1,-0.2084,0.5638,0.5624,0.4426,0.4426,0.4426,0.4426,0.5405,0.4426,0.4426,,,
Train,5,2,-0.0966,0.2246,0.1395,0.0991,0.1299,0.1299,0.1299,0.2246,0.2216,0.1299,,,
Train,5,3,-0.0804,0.3915,0.2280,0.2275,0.2144,0.2144,0.2144,0.3915,0.3915,0.3915,,,
Train,5,4,-0.0457,0.1188,0.0949,0.0946,0.0615,0.0934,0.0934,0.0000,0.0946,0.0934,,,
Train,5,5,-0.0127,0.1232,NA,0.0397,0.0396,0.0396,0.0396,0.1219,0.0397,0.0396,,,
Train,5,6,-0.0105,0.0733,NA,0.0394,0.0378,0.0378,0.0378,0.0052,0.0394,0.0378,,,
Train,5,7,-0.0050,0.0712,NA,0.0412,0.0391,0.0391,0.0391,0.0389,0.0412,0.0404,,,
Train,5,8,-0.0116,0.0955,NA,0.0548,0.0466,0.0504,0.0504,0.0955,0.0953,0.0819,,,
Train,5,9,-0.0208,0.0676,NA,0.0460,0.0379,0.0379,0.0379,0.0486,0.0551,0.0589,,,
Train,6,1,0.0019,1.0000,0.0212,0.0201,0.0200,0.0212,0.0212,0.0001,0.0202,0.0212,,,
Train,6,2,0.0021,0.3666,0.0200,0.0194,0.0193,0.0200,0.0200,0.0000,0.0194,0.0200,,,
Train,6,3,0.0021,0.2747,0.0204,0.0191,0.0189,0.0204,0.0204,0.0004,0.0191,0.0208,,,
Train,6,4,-0.0007,0.2642,0.0247,0.0209,0.0161,0.0247,0.0247,0.0000,0.0209,0.0247,,,
Train,6,5,-0.0007,0.2366,0.0241,0.0205,0.0159,0.0241,0.0241,0.0000,0.0205,0.0241,,,
Train,6,6,-0.0007,0.2160,0.0240,0.0206,0.0159,0.0240,0.0240,0.0001,0.0206,0.0241,,,
Train,6,7,-0.0003,0.2249,0.0226,0.0189,0.0105,0.0226,0.0226,0.0000,0.0189,0.0226,,,
Train,6,8,-0.0002,0.1887,0.0226,0.0188,0.0105,0.0226,0.0226,0.0000,0.0188,0.0226,,,
Train,6,9,-0.0011,0.1903,0.0195,0.0167,0.0143,0.0195,0.0195,0.0000,0.0167,0.0195,,,
Train,7,1,-0.0085,0.9999,0.0552,0.0462,0.0401,0.0552,0.0552,0.0000,0.0462,0.0552,,,
Train,7,2,-0.0085,0.5456,0.0542,0.0456,0.0396,0.0542,0.0542,0.0000,0.0456,0.0542,,,
Train,7,3,-0.0083,0.3933,0.0550,0.0464,0.0393,0.0550,0.0550,0.0000,0.0464,0.0550,,,
Train,7,4,-0.0037,0.3564,0.0448,0.0390,0.0277,0.0448,0.0448,0.0000,0.0390,0.0448,,,
Train,7,5,-0.0037,0.3203,0.0441,0.0386,0.0276,0.0441,0.0441,0.0000,0.0386,0.0441,,,
Train,7,6,-0.0045,0.2731,0.0442,0.0393,0.0267,0.0442,0.0442,0.0000,0.0393,0.0442,,,
Train,7,7,-0.0037,0.2647,0.0429,0.0383,0.0257,0.0429,0.0429,0.0000,0.0383,0.0429,,,
Train,7,8,-0.0036,0.2372,0.0429,0.0384,0.0257,0.0429,0.0429,0.0000,0.0384,0.0429,,,
Train,7,9,-0.0039,0.2209,0.0397,0.0351,0.0244,0.0397,0.0397,0.0000,0.0351,0.0397,,,
Train,8,1,-0.0010,0.9989,0.0454,0.0393,0.0377,0.0454,0.0454,0.8583,0.8637,0.8651,,,
Train,8,2,-0.0010,0.6951,0.0451,0.0389,0.0373,0.0451,0.0451,0.0000,0.0389,0.0451,,,
Train,8,3,-0.0008,0.4808,0.0418,0.0377,0.0370,0.0418,0.0418,0.0000,0.0377,0.0418,,,
Train,8,4,0.0011,0.4418,0.0353,0.0300,0.0270,0.0353,0.0353,0.0000,0.0300,0.0353,,,
Train,8,5,0.0010,0.4268,0.0347,0.0299,0.0269,0.0347,0.0347,0.4268,0.4268,0.4268,,,
Train,8,6,0.0002,0.3822,0.0368,0.0314,0.0271,0.0368,0.0368,0.0171,0.0314,0.0368,,,
Train,8,7,-0.0005,0.3225,0.0378,0.0322,0.0262,0.0378,0.0378,0.0224,0.0322,0.0378,,,
Train,8,8,-0.0005,0.3127,0.0378,0.0323,0.0262,0.0378,0.0378,0.3127,0.3127,0.3127,,,
Train,8,9,-0.0011,0.2755,0.0354,0.0302,0.0252,0.0354,0.0354,0.0000,0.0302,0.0354,,,
Train,9,1,-0.0060,1.0000,0.0555,0.0517,0.0514,0.0555,0.0555,0.9957,0.9958,0.9959,,,
Train,9,2,-0.0061,0.7274,0.0550,0.0515,0.0512,0.0550,0.0550,0.5205,0.0515,0.0550,,,
Train,9,3,-0.0061,0.5290,0.0512,0.0512,0.0512,0.0512,0.0512,0.0000,0.0512,0.0512,,,
Train,9,4,0.0008,0.4912,0.0516,0.0439,0.0334,0.0516,0.0516,0.1060,0.1108,0.0516,,,
Train,9,5,0.0007,0.4893,0.0516,0.0444,0.0334,0.0516,0.0516,0.1012,0.1041,0.0516,,,
Train,9,6,-0.0006,0.4284,0.0554,0.0490,0.0334,0.0554,0.0554,0.4284,0.4284,0.4284,,,
Train,9,7,-0.0005,0.4267,0.0552,0.0488,0.0335,0.0552,0.0552,0.4267,0.4267,0.4267,,,
Train,9,8,-0.0015,0.3977,0.0551,0.0489,0.0331,0.0551,0.0551,0.3977,0.3977,0.3977,,,
Train,9,9,-0.0018,0.3568,0.0529,0.0469,0.0320,0.0529,0.0529,0.3568,0.3568,0.3568,,,
Train,10,1,0.0028,0.2771,0.0032,0.0055,0.0050,0.0071,0.0071,0.0000,0.0055,0.0071,,,
Train,10,2,0.0028,0.2025,0.0036,0.0057,0.0052,0.0074,0.0074,0.0000,0.0057,0.0074,,,
Train,10,3,0.0007,0.1235,0.0045,0.0038,0.0033,0.0045,0.0045,0.0000,0.0038,0.0045,,,
Train,10,4,0.0007,0.0559,0.0047,0.0039,0.0023,0.0047,0.0047,0.0000,0.0039,0.0047,,,
Train,10,5,0.0002,0.0602,0.0064,0.0057,0.0039,0.0064,0.0064,0.0000,0.0057,0.0064,,,
Train,10,6,-0.0017,0.0043,0.0024,0.0024,0.0024,0.0024,0.0024,0.0000,0.0024,0.0024,,,
Train,10,7,-0.0016,0.0031,0.0020,0.0020,0.0020,0.0020,0.0020,0.0000,0.0020,0.0020,,,
Train,10,8,-0.0061,0.0500,NA,0.0179,0.0179,0.0179,0.0179,0.0000,0.0179,0.0179,,,
Train,10,9,-0.0045,0.0472,NA,0.0124,0.0124,0.0124,0.0124,0.0000,0.0124,0.0124,,,
Train,11,1,-0.0011,0.2794,0.0092,0.0092,0.0047,0.0092,0.0092,0.0000,0.0092,0.0092,,,
Train,11,2,-0.0011,0.2212,0.0097,0.0097,0.0097,0.0097,0.0097,0.0000,0.0097,0.0097,,,
Train,11,3,-0.0010,0.1641,0.0027,0.0022,0.0014,0.0027,0.0027,0.0000,0.0022,0.0027,,,
Train,11,4,-0.0011,0.1255,0.0027,0.0020,0.0015,0.0027,0.0027,0.0000,0.0020,0.0027,,,
Train,11,5,-0.0011,0.0021,0.0011,0.0009,0.0005,0.0011,0.0011,0.0000,0.0009,0.0011,,,
Train,11,6,-0.0015,0.0152,0.0026,0.0023,0.0022,0.0026,0.0026,0.0000,0.0023,0.0026,,,
Train,11,7,-0.0014,0.0124,NA,0.0024,0.0023,0.0025,0.0025,0.0000,0.0024,0.0025,,,
Train,11,8,-0.0039,0.0385,NA,0.0107,0.0107,0.0107,0.0107,0.0000,0.0107,0.0107,,,
Train,11,9,-0.0038,0.0827,NA,0.0140,0.0140,0.0140,0.0140,0.0682,0.0656,0.0656,,,
Train,12,1,0.0059,0.4886,0.0131,0.0110,0.0101,0.0131,0.0131,0.1102,0.1186,0.1164,,,
Train,12,2,0.0060,0.4400,0.0134,0.0113,0.0103,0.0134,0.0134,0.0000,0.0113,0.0134,,,
Train,12,3,0.0021,0.0675,0.0046,0.0039,0.0032,0.0046,0.0046,0.0000,0.0039,0.0046,,,
Train,12,4,0.0022,0.0487,0.0004,0.0034,0.0024,0.0043,0.0043,0.0000,0.0034,0.0043,,,
Train,12,5,0.0018,0.0206,0.0038,0.0037,0.0024,0.0038,0.0038,0.0000,0.0037,0.0038,,,
Train,12,6,-0.0002,0.0163,0.0060,0.0054,0.0038,0.0060,0.0060,0.0000,0.0054,0.0060,,,
Train,12,7,-0.0002,0.0150,0.0061,0.0054,0.0038,0.0061,0.0061,0.0000,0.0054,0.0061,,,
Train,12,8,-0.0075,0.0828,NA,0.0260,0.0260,0.0260,0.0260,0.0770,0.0593,0.0593,,,
Train,12,9,-0.0060,0.0913,NA,0.0234,0.0234,0.0234,0.0234,0.0845,0.0680,0.0680,,,
Train,13,1,0.0042,0.1733,0.0119,0.0104,0.0071,0.0119,0.0119,0.0000,0.0104,0.0119,,,
Train,13,2,0.0044,0.1322,0.0131,0.0118,0.0077,0.0131,0.0131,0.0173,0.0118,0.0131,,,
Train,13,3,0.0007,0.1015,0.0062,0.0062,0.0061,0.0061,0.0061,0.0936,0.0939,0.0939,,,
Train,13,4,0.0008,0.1176,0.0074,0.0058,0.0047,0.0074,0.0074,0.1147,0.1147,0.1148,,,
Train,13,5,0.0001,0.0698,0.0068,0.0061,0.0045,0.0068,0.0068,0.0507,0.0492,0.0476,,,
Train,13,6,-0.0012,0.0229,0.0082,0.0082,0.0082,0.0082,0.0082,0.0000,0.0082,0.0082,,,
Train,13,7,-0.0012,0.0201,0.0082,0.0082,0.0082,0.0082,0.0082,0.0000,0.0082,0.0082,,,
Train,13,8,-0.0091,0.0848,NA,0.0264,0.0264,0.0264,0.0264,0.0829,0.0819,0.0819,,,
Train,13,9,-0.0089,0.1168,NA,0.0313,0.0313,0.0313,0.0313,0.1112,0.1082,0.1082,,,
Train,14,1,0.0046,0.1584,0.0166,0.0143,0.0105,0.0166,0.0166,0.0000,0.0143,0.0166,,,
Train,14,2,0.0040,0.1382,0.0167,0.0153,0.0062,0.0167,0.0167,0.1176,0.1189,0.1197,,,
Train,14,3,0.0012,0.1711,0.0087,0.0078,0.0051,0.0087,0.0087,0.1678,0.1674,0.1682,,,
Train,14,4,0.0006,0.1757,0.0098,0.0084,0.0062,0.0098,0.0098,0.1716,0.1715,0.1713,,,
Train,14,5,-0.0005,0.1043,0.0082,0.0092,0.0092,0.0093,0.0093,0.0954,0.0953,0.0953,,,
Train,14,6,-0.0012,0.0500,NA,0.0125,0.0125,0.0125,0.0125,0.0000,0.0125,0.0125,,,
Train,14,7,-0.0012,0.0428,NA,0.0125,0.0125,0.0125,0.0125,0.0000,0.0125,0.0125,,,
Train,14,8,-0.0063,0.0962,NA,0.0304,0.0304,0.0304,0.0304,0.0925,0.0918,0.0918,,,
Train,14,9,-0.0061,0.1303,NA,0.0347,0.0347,0.0347,0.0347,0.1217,0.1196,0.1196,,,
Train,15,1,0.0041,0.1326,0.0184,0.0154,0.0132,0.0184,0.0184,0.0502,0.0588,0.0596,,,
Train,15,2,0.0022,0.2078,0.0131,0.0118,0.0078,0.0131,0.0131,0.1718,0.1703,0.1703,,,
Train,15,3,0.0004,0.2869,0.0138,0.0118,0.0088,0.0138,0.0138,0.2864,0.2864,0.2864,,,
Train,15,4,-0.0006,0.2153,0.0140,0.0119,0.0107,0.0140,0.0140,0.2071,0.2081,0.2081,,,
Train,15,5,-0.0016,0.1285,0.0112,0.0108,0.0107,0.0112,0.0112,0.1148,0.1166,0.1166,,,
Train,15,6,-0.0009,0.0647,NA,0.0136,0.0136,0.0136,0.0136,0.0468,0.0478,0.0478,,,
Train,15,7,-0.0016,0.0454,NA,0.0126,0.0126,0.0126,0.0126,0.0447,0.0126,0.0126,,,
Train,15,8,-0.0044,0.0912,NA,0.0306,0.0306,0.0306,0.0306,0.0875,0.0866,0.0866,,,
Train,15,9,-0.0040,0.1275,NA,0.0376,0.0376,0.0376,0.0376,0.1209,0.1209,0.1209,,,
Train,16,1,0.0040,0.3697,0.0151,0.0129,0.0123,0.0151,0.0151,0.3562,0.3569,0.3580,,,
Train,16,2,-0.0008,0.3037,0.0081,0.0111,0.0106,0.0129,0.0129,0.2921,0.2924,0.2916,,,
Train,16,3,-0.0006,0.3101,0.0135,0.0116,0.0084,0.0135,0.0135,0.2821,0.2824,0.2837,,,
Train,16,4,-0.0009,0.1788,0.0158,0.0158,0.0158,0.0158,0.0158,0.1675,0.1643,0.1643,,,
Train,16,5,-0.0017,0.1739,0.0117,0.0099,0.0084,0.0117,0.0117,0.1703,0.1699,0.1699,,,
Train,16,6,-0.0003,0.0539,NA,0.0114,0.0114,0.0114,0.0114,0.0482,0.0477,0.0477,,,
Train,16,7,-0.0008,0.0332,NA,0.0109,0.0109,0.0109,0.0109,0.0244,0.0112,0.0112,,,
Train,16,8,-0.0046,0.0678,NA,0.0231,0.0231,0.0231,0.0231,0.0667,0.0657,0.0657,,,
Train,16,9,-0.0033,0.1194,NA,0.0347,0.0347,0.0347,0.0347,0.1172,0.1164,0.1164,,,
Train,17,1,0.0011,0.2943,NA,0.0084,0.0079,0.0100,0.0100,0.0000,0.0084,0.0100,,,
Train,17,2,0.0007,0.1374,NA,0.0092,0.0090,0.0104,0.0104,0.0000,0.0092,0.0104,,,
Train,17,3,0.0011,0.0835,0.0108,0.0098,0.0096,0.0108,0.0108,0.0000,0.0098,0.0108,,,
Train,17,4,0.0013,0.0548,0.0113,0.0108,0.0107,0.0113,0.0113,0.0000,0.0108,0.0113,,,
Train,17,5,-0.0032,0.0130,0.0072,0.0054,0.0047,0.0072,0.0072,0.0000,0.0054,0.0072,,,
Train,17,6,-0.0018,0.0366,0.0094,0.0090,0.0090,0.0099,0.0099,0.0000,0.0090,0.0099,,,
Train,17,7,-0.0021,0.0329,NA,0.0094,0.0096,0.0096,0.0096,0.0000,0.0094,0.0096,,,
Train,17,8,-0.0171,0.2305,NA,0.0565,0.0565,0.0565,0.0565,0.1304,0.1278,0.1278,,,
Train,17,9,-0.0103,0.1640,NA,0.0374,0.0374,0.0374,0.0374,0.1593,0.1612,0.1612,,,
Train,18,1,-0.0005,0.4043,0.0115,0.0097,0.0072,0.0115,0.0115,0.3507,0.3481,0.3496,,,
Train,18,2,-0.0004,0.2921,0.0034,0.0095,0.0074,0.0114,0.0114,0.0000,0.0095,0.0114,,,
Train,18,3,-0.0005,0.1419,0.0094,0.0105,0.0083,0.0126,0.0126,0.0000,0.0105,0.0126,,,
Train,18,4,-0.0029,0.1966,0.0045,0.0101,0.0084,0.0121,0.0121,0.1364,0.1457,0.1414,,,
Train,18,5,-0.0026,0.0401,0.0085,0.0076,0.0068,0.0085,0.0085,0.0000,0.0076,0.0085,,,
Train,18,6,-0.0017,0.0813,NA,0.0129,0.0104,0.0151,0.0151,0.0047,0.0129,0.0151,,,
Train,18,7,-0.0019,0.0800,NA,0.0139,0.0107,0.0160,0.0160,0.0597,0.0139,0.0160,,,
Train,18,8,-0.0076,0.1411,NA,0.0316,0.0316,0.0316,0.0316,0.1364,0.1355,0.1355,,,
Train,18,9,-0.0050,0.1107,NA,0.0222,0.0222,0.0222,0.0222,0.1044,0.1054,0.1054,,,
Train,19,1,0.0041,0.1338,0.0075,0.0068,0.0051,0.0075,0.0075,0.0000,0.0068,0.0075,,,
Train,19,2,0.0040,0.0762,0.0086,0.0076,0.0059,0.0086,0.0086,0.0000,0.0076,0.0086,,,
Train,19,3,0.0021,0.0795,0.0085,0.0064,0.0047,0.0085,0.0085,0.0668,0.0064,0.0085,,,
Train,19,4,0.0023,0.0677,0.0094,0.0072,0.0053,0.0094,0.0094,0.0620,0.0340,0.0094,,,
Train,19,5,0.0003,0.0276,0.0064,0.0046,0.0037,0.0064,0.0064,0.0000,0.0046,0.0064,,,
Train,19,6,-0.0001,0.0688,NA,0.0102,0.0081,0.0127,0.0127,0.0330,0.0102,0.0127,,,
Train,19,7,-0.0003,0.0503,NA,0.0093,0.0084,0.0112,0.0112,0.0000,0.0093,0.0112,,,
Train,19,8,-0.0152,0.1303,NA,0.0511,0.0511,0.0511,0.0511,0.1102,0.1112,0.1112,,,
Train,19,9,-0.0083,0.1051,NA,0.0329,0.0329,0.0329,0.0329,0.0942,0.0911,0.0911,,,
Train,20,1,0.0013,0.1707,0.0165,0.0161,0.0083,0.0165,0.0165,0.0000,0.0161,0.0165,,,
Train,20,2,0.0018,0.1273,0.0165,0.0145,0.0095,0.0165,0.0165,0.0570,0.0145,0.0165,,,
Train,20,3,0.0023,0.0814,0.0090,0.0081,0.0079,0.0090,0.0090,0.0697,0.0697,0.0697,,,
Train,20,4,0.0014,0.1212,0.0096,0.0110,0.0109,0.0116,0.0116,0.0543,0.0645,0.0696,,,
Train,20,5,-0.0016,0.0459,NA,0.0145,0.0100,0.0159,0.0159,0.0273,0.0146,0.0159,,,
Train,20,6,-0.0003,0.0818,NA,0.0147,0.0135,0.0163,0.0163,0.0714,0.0720,0.0691,,,
Train,20,7,-0.0005,0.0721,NA,0.0157,0.0138,0.0174,0.0174,0.0618,0.0640,0.0640,,,
Train,20,8,-0.0115,0.1345,NA,0.0480,0.0480,0.0480,0.0480,0.1328,0.1318,0.1318,,,
Train,20,9,-0.0086,0.1187,NA,0.0373,0.0373,0.0373,0.0373,0.1132,0.1115,0.1115,,,
Train,21,1,-0.0005,0.2709,0.0260,0.0216,0.0183,0.0260,0.0260,0.1405,0.0216,0.0260,,,
Train,21,2,-0.0003,0.2302,0.0141,0.0217,0.0201,0.0257,0.0257,0.1745,0.1745,0.1764,,,
Train,21,3,0.0021,0.1548,0.0144,0.0122,0.0112,0.0144,0.0144,0.1421,0.1422,0.1449,,,
Train,21,4,-0.0024,0.1565,NA,0.0144,0.0075,0.0169,0.0169,0.1523,0.1528,0.1542,,,
Train,21,5,-0.0033,0.0554,NA,0.0182,0.0100,0.0184,0.0184,0.0473,0.0438,0.0437,,,
Train,21,6,-0.0032,0.0835,NA,0.0170,0.0120,0.0188,0.0188,0.0558,0.0773,0.0774,,,
Train,21,7,-0.0034,0.0797,NA,0.0187,0.0125,0.0203,0.0203,0.0569,0.0755,0.0755,,,
Train,21,8,-0.0109,0.1218,NA,0.0438,0.0438,0.0438,0.0438,0.1204,0.1196,0.1196,,,
Train,21,9,-0.0110,0.1440,NA,0.0403,0.0403,0.0403,0.0403,0.1424,0.1406,0.1406,,,
Train,22,1,-0.0022,0.3334,0.0308,0.0257,0.0227,0.0308,0.0308,0.3051,0.3050,0.3052,,,
Train,22,2,0.0006,0.1521,0.0211,0.0183,0.0167,0.0211,0.0211,0.0879,0.0857,0.0797,,,
Train,22,3,0.0017,0.1114,0.0169,0.0145,0.0110,0.0169,0.0169,0.0872,0.0844,0.0823,,,
Train,22,4,-0.0035,0.2030,NA,0.0190,0.0114,0.0203,0.0203,0.1967,0.1957,0.1957,,,
Train,22,5,-0.0056,0.0947,NA,0.0243,0.0243,0.0243,0.0243,0.0852,0.0820,0.0820,,,
Train,22,6,-0.0050,0.0915,NA,0.0237,0.0237,0.0237,0.0237,0.0891,0.0871,0.0871,,,
Train,22,7,-0.0053,0.0864,NA,0.0252,0.0252,0.0252,0.0252,0.0844,0.0834,0.0834,,,
Train,22,8,-0.0107,0.1654,NA,0.0472,0.0472,0.0472,0.0472,0.1649,0.1630,0.1630,,,
Train,22,9,-0.0105,0.1714,NA,0.0446,0.0446,0.0446,0.0446,0.1708,0.1704,0.1704,,,
Train,23,1,0.0001,0.6206,0.0294,0.0248,0.0229,0.0294,0.0294,0.6098,0.6113,0.6113,,,
Train,23,2,0.0024,0.2909,0.0182,0.0152,0.0138,0.0182,0.0182,0.2625,0.2641,0.2648,,,
Train,23,3,0.0012,0.2049,0.0174,0.0146,0.0117,0.0174,0.0174,0.1882,0.1866,0.1849,,,
Train,23,4,-0.0048,0.2860,NA,0.0238,0.0137,0.0252,0.0252,0.2795,0.2804,0.2803,,,
Train,23,5,-0.0045,0.1690,NA,0.0259,0.0158,0.0279,0.0279,0.1429,0.1425,0.1419,,,
Train,23,6,-0.0043,0.1602,NA,0.0269,0.0143,0.0274,0.0274,0.1462,0.1463,0.1463,,,
Train,23,7,-0.0046,0.1308,NA,0.0284,0.0151,0.0288,0.0288,0.1225,0.1221,0.1221,,,
Train,23,8,-0.0072,0.2191,NA,0.0449,0.0449,0.0449,0.0449,0.2191,0.2191,0.2191,,,
Train,23,9,-0.0072,0.2556,NA,0.0449,0.0236,0.0457,0.0457,0.2493,0.2484,0.2484,,,
Train,24,1,0.0034,0.1733,0.0620,0.0501,0.0295,0.0606,0.0606,0.0000,0.0501,0.0606,,,
Train,24,2,0.0164,0.0993,0.0669,0.0626,0.0289,0.0669,0.0669,0.0000,0.0626,0.0669,,,
Train,24,3,0.0032,0.0628,0.0412,0.0412,0.0412,0.0412,0.0412,0.0000,0.0412,0.0412,,,
Train,24,4,-0.0023,0.1011,0.0438,0.0434,0.0291,0.0380,0.0380,0.1011,0.1011,0.1011,,,
Train,24,5,0.0024,0.1118,0.0373,0.0312,0.0338,0.0338,0.0338,0.0000,0.0312,0.0338,,,
Train,24,6,0.0072,0.0674,0.0280,0.0245,0.0102,0.0318,0.0318,0.0000,0.0245,0.0318,,,
Train,24,7,0.0063,0.0420,0.0283,0.0274,0.0130,0.0283,0.0283,0.0000,0.0274,0.0283,,,
Train,24,8,-0.0133,0.0133,0.0055,0.0016,0.0049,0.0049,0.0049,0.0000,0.0016,0.0049,,,
Train,24,9,0.0027,0.0394,0.0144,0.0158,0.0075,0.0170,0.0170,0.0000,0.0158,0.0170,,,
Train,25,1,0.0069,0.3031,0.1188,0.0985,0.0837,0.1188,0.1188,0.0000,0.0985,0.1188,,,
Train,25,2,0.0087,0.4215,0.1587,0.1388,0.1025,0.1587,0.1587,0.4109,0.4099,0.4062,,,
Train,25,3,0.0113,0.1114,0.0409,0.0395,0.0159,0.0409,0.0409,0.0000,0.0395,0.0409,,,
Train,25,4,0.0195,0.0024,0.0024,-0.0045,0.0020,0.0020,0.0020,0.0000,-0.0045,0.0020,,,
Train,25,5,-0.0030,0.1251,0.0397,0.0347,0.0231,0.0397,0.0397,0.0000,0.0347,0.0397,,,
Train,25,6,0.0201,0.0789,0.0299,0.0299,0.0299,0.0299,0.0299,0.0000,0.0299,0.0299,,,
Train,25,7,0.0202,0.0619,0.0313,0.0307,0.0301,0.0305,0.0305,0.0000,0.0307,0.0305,,,
Train,25,8,0.0060,0.0177,0.0147,0.0136,0.0141,0.0141,0.0141,0.0000,0.0136,0.0141,,,
Train,25,9,0.0092,0.0597,0.0140,0.0119,0.0101,0.0140,0.0140,0.0000,0.0119,0.0140,,,
Train,26,1,-0.0590,0.1656,0.0776,0.0766,0.0596,0.0765,0.0765,0.0000,0.0766,0.0765,,,
Train,26,2,-0.0033,0.3099,0.1257,0.1257,0.1257,0.1257,0.1257,0.2637,0.2559,0.2559,,,
Train,26,3,-0.0120,0.1134,0.0474,0.0474,0.0348,0.0466,0.0466,0.0000,0.0474,0.0466,,,
Train,26,4,-0.0089,0.1141,0.0598,0.0591,0.0235,0.0581,0.0581,0.0792,0.0591,0.0581,,,
Train,26,5,-0.0016,0.0418,0.0184,0.0184,0.0184,0.0184,0.0184,0.0000,0.0184,0.0184,,,
Train,26,6,0.0001,0.0431,0.0211,0.0209,0.0098,0.0221,0.0221,0.0000,0.0209,0.0221,,,
Train,26,7,0.0019,0.0498,0.0216,0.0177,0.0162,0.0211,0.0211,0.0000,0.0177,0.0211,,,
Train,26,8,-0.0147,0.0326,0.0280,0.0277,0.0255,0.0255,0.0255,0.0000,0.0277,0.0255,,,
Train,26,9,0.0027,0.0622,0.0203,0.0215,0.0197,0.0214,0.0214,0.0000,0.0215,0.0214,,,
Train,27,1,-0.0523,0.2854,0.1571,0.1547,0.1057,0.1547,0.1547,0.0000,0.1547,0.1547,,,
Train,27,2,-0.0044,0.5858,0.1616,0.1616,0.1616,0.1616,0.1616,0.5517,0.5453,0.5453,,,
Train,27,3,-0.0019,0.1898,0.0528,0.0524,0.0528,0.0528,0.0528,0.0000,0.0524,0.0528,,,
Train,27,4,-0.0072,0.3407,0.0729,0.0641,0.0407,0.0729,0.0729,0.3408,0.3408,0.3274,,,
Train,27,5,-0.0008,0.0335,0.0152,0.0140,0.0090,0.0151,0.0151,0.0000,0.0140,0.0151,,,
Train,27,6,0.0008,0.0276,0.0141,0.0166,0.0137,0.0184,0.0184,0.0000,0.0166,0.0184,,,
Train,27,7,0.0015,0.0269,0.0144,0.0125,0.0087,0.0134,0.0134,0.0000,0.0125,0.0134,,,
Train,27,8,-0.0068,0.0194,0.0151,0.0127,0.0147,0.0147,0.0147,0.0000,0.0127,0.0147,,,
Train,27,9,0.0019,0.0505,0.0118,0.0111,0.0107,0.0107,0.0107,0.0000,0.0111,0.0107,,,
Train,29,1,-0.0334,0.1985,0.1191,0.1186,0.1169,0.1169,0.1169,0.0587,0.1186,0.1169,,,
Train,29,2,-0.0137,0.3224,0.1150,0.1150,0.1150,0.1150,0.1150,0.3122,0.3072,0.3072,,,
Train,29,3,-0.0130,0.0834,0.0440,0.0440,0.0343,0.0421,0.0421,0.0000,0.0440,0.0421,,,
Train,29,4,0.0002,0.1445,0.0425,0.0417,0.0409,0.0412,0.0412,0.1441,0.1441,0.1437,,,
Train,29,5,0.0047,0.1315,0.0351,0.0296,0.0233,0.0351,0.0351,0.0765,0.0898,0.0782,,,
Train,29,6,0.0063,0.1186,0.0272,0.0265,0.0264,0.0266,0.0266,0.1104,0.0265,0.0794,,,
Train,29,7,0.0047,0.0722,0.0233,0.0232,0.0232,0.0232,0.0232,0.0000,0.0232,0.0232,,,
Train,29,8,-0.0009,0.0144,0.0091,0.0083,0.0059,0.0083,0.0083,0.0000,0.0083,0.0083,,,
Train,29,9,-0.0003,0.0482,0.0165,0.0160,0.0158,0.0158,0.0158,0.0000,0.0160,0.0158,,,
Train,30,1,-0.0253,0.2821,0.1396,0.1256,0.1148,0.1396,0.1396,0.0000,0.1256,0.1396,,,
Train,30,2,-0.0017,0.3192,0.1221,0.1221,0.1221,0.1221,0.1221,0.3141,0.3127,0.3127,,,
Train,30,3,0.0005,0.0907,0.0522,0.0522,0.0394,0.0497,0.0497,0.0000,0.0522,0.0497,,,
Train,30,4,0.0010,0.2763,0.0698,0.0695,0.0694,0.0694,0.0694,0.2763,0.2763,0.2763,,,
Train,30,5,-0.0073,0.1603,0.0411,0.0353,0.0324,0.0411,0.0411,0.1395,0.1418,0.0411,,,
Train,30,6,0.0099,0.1390,0.0356,0.0312,0.0182,0.0372,0.0372,0.1335,0.1315,0.1365,,,
Train,30,7,0.0068,0.0996,0.0222,0.0249,0.0191,0.0315,0.0315,0.0781,0.0808,0.0935,,,
Train,30,8,0.0040,0.0605,0.0244,0.0225,0.0186,0.0241,0.0241,0.0000,0.0225,0.0241,,,
Train,30,9,0.0034,0.0400,0.0129,0.0134,0.0093,0.0156,0.0156,0.0000,0.0134,0.0156,,,
Train,31,1,0.0291,0.3796,0.0754,0.0604,0.0296,0.0754,0.0754,0.3801,0.3801,0.3801,,,
Train,31,2,0.0238,0.1150,0.0460,0.0350,0.0177,0.0460,0.0460,0.0000,0.0350,0.0460,,,
Train,31,3,-0.0017,0.0587,0.0212,0.0205,0.0136,0.0197,0.0197,0.0000,0.0205,0.0197,,,
Train,31,4,-0.0039,0.0540,0.0203,0.0203,0.0202,0.0202,0.0202,0.0000,0.0203,0.0202,,,
Train,31,5,-0.0050,0.1134,0.0332,0.0330,0.0331,0.0331,0.0331,0.1135,0.0330,0.0331,,,
Train,31,6,-0.0003,0.1067,0.0346,0.0303,0.0259,0.0346,0.0346,0.0994,0.0303,0.0346,,,
Train,31,7,0.0028,0.0707,0.0406,0.0390,0.0206,0.0406,0.0406,0.0584,0.0390,0.0406,,,
Train,31,8,-0.0059,0.0306,0.0239,0.0229,0.0122,0.0239,0.0239,0.0000,0.0229,0.0239,,,
Train,31,9,0.0084,0.0586,0.0319,0.0264,0.0222,0.0314,0.0314,0.0510,0.0264,0.0314,,,
Train,32,1,0.0109,0.4002,0.0736,0.0637,0.0560,0.0736,0.0736,0.0000,0.0637,0.1162,,,
Train,32,2,0.0071,0.2476,0.0642,0.0567,0.0536,0.0642,0.0642,0.0000,0.0567,0.0642,,,
Train,32,3,-0.0025,0.0561,0.0149,0.0142,0.0102,0.0144,0.0144,0.0000,0.0142,0.0144,,,
Train,32,4,-0.0012,0.0463,0.0156,0.0147,0.0093,0.0155,0.0155,0.0000,0.0147,0.0155,,,
Train,32,5,-0.0083,0.1029,0.0802,0.0785,0.0452,0.0802,0.0802,0.0000,0.0785,0.0802,,,
Train,32,6,-0.0012,0.2056,0.0458,0.0457,0.0455,0.0455,0.0455,0.2009,0.1973,0.1973,,,
Train,32,7,-0.0023,0.1772,0.0576,0.0522,0.0475,0.0576,0.0576,0.1769,0.1769,0.1769,,,
Train,32,8,-0.0062,0.1235,0.0438,0.0419,0.0392,0.0437,0.0437,0.0425,0.0419,0.0437,,,
Train,32,9,-0.0007,0.1262,0.0466,0.0416,0.0385,0.0466,0.0466,0.1088,0.0847,0.0466,,,
Train,33,1,0.0087,0.5710,0.1018,0.0878,0.0582,0.1018,0.1018,0.5713,0.5713,0.5713,,,
Train,33,2,0.0034,0.1959,0.0624,0.0548,0.0211,0.0624,0.0624,0.1960,0.0548,0.0624,,,
Train,33,3,-0.0043,0.0170,0.0148,0.0145,0.0104,0.0148,0.0148,0.0000,0.0145,0.0148,,,
Train,33,4,-0.0092,0.0433,0.0241,0.0240,0.0241,0.0241,0.0241,0.0000,0.0240,0.0241,,,
Train,33,5,-0.0256,0.0698,0.0634,0.0611,0.0325,0.0634,0.0634,0.0000,0.0611,0.0634,,,
Train,33,6,0.0004,0.1836,0.0501,0.0480,0.0466,0.0500,0.0500,0.1836,0.1829,0.1836,,,
Train,33,7,-0.0031,0.1749,0.0913,0.0796,0.0572,0.0913,0.0913,0.1579,0.1562,0.1607,,,
Train,33,8,-0.0115,0.1087,0.0591,0.0559,0.0522,0.0589,0.0589,0.0681,0.0559,0.0589,,,
Train,33,9,-0.0020,0.1239,0.0608,0.0557,0.0522,0.0608,0.0608,0.1207,0.1019,0.0608,,,
Train,34,1,0.0137,0.5344,0.1384,0.1182,0.1005,0.1384,0.1384,0.4122,0.4125,0.4122,,,
Train,34,2,0.0034,0.1906,0.0790,0.0693,0.0635,0.0790,0.0790,0.0000,0.0693,0.0790,,,
Train,34,3,-0.0069,0.0507,0.0212,0.0212,0.0211,0.0211,0.0211,0.0000,0.0212,0.0211,,,
Train,34,4,-0.0069,0.1986,0.0796,0.0707,0.0615,0.0796,0.0796,0.1986,0.1986,0.1986,,,
Train,34,5,0.0008,0.1606,0.1368,0.1198,0.1006,0.1368,0.1368,0.1512,0.1198,0.1368,,,
Train,34,6,0.0040,0.2563,0.0902,0.0864,0.0853,0.0902,0.0902,0.2551,0.2563,0.2563,,,
Train,34,7,-0.0042,0.2222,0.1169,0.1016,0.0921,0.1169,0.1169,0.2055,0.2157,0.2063,,,
Train,34,8,-0.0109,0.1490,0.0852,0.0787,0.0744,0.0852,0.0852,0.1240,0.0787,0.0852,,,
Train,34,9,0.0026,0.1385,0.0897,0.0801,0.0776,0.0897,0.0897,0.1261,0.1312,0.0897,,,
Train,35,1,-0.0054,0.5412,0.1883,0.1790,0.1030,0.1883,0.1883,0.4776,0.4687,0.4657,,,
Train,35,2,-0.0038,0.2277,0.1161,0.1161,0.1161,0.1161,0.1161,0.2077,0.1161,0.1161,,,
Train,35,3,-0.0103,0.0425,0.0253,0.0253,0.0166,0.0252,0.0252,0.0000,0.0253,0.0252,,,
Train,35,4,0.0055,0.1308,0.0499,0.0487,0.0469,0.0491,0.0491,0.0000,0.0487,0.0491,,,
Train,35,5,0.0199,0.1972,0.1601,0.1437,0.1293,0.1601,0.1601,0.1958,0.1943,0.1601,,,
Train,35,6,0.0113,0.2228,0.1073,0.1071,0.1069,0.1069,0.1069,0.2198,0.2179,0.2184,,,
Train,35,7,0.0019,0.2294,0.1191,0.1092,0.1062,0.1191,0.1191,0.2033,0.2125,0.2190,,,
Train,35,8,-0.0048,0.1619,0.0966,0.0866,0.0823,0.0966,0.0966,0.1374,0.1463,0.1432,,,
Train,35,9,0.0109,0.1578,0.1059,0.0898,0.0860,0.1059,0.1059,0.1512,0.1466,0.1552,,,
Train,36,1,0.0008,0.5548,0.2114,0.2114,0.2114,0.2114,0.2114,0.5152,0.4917,0.4917,,,
Train,36,2,0.0001,0.3660,0.1420,0.1395,0.0759,0.1420,0.1420,0.3661,0.3661,0.3661,,,
Train,36,3,-0.0131,0.0409,0.0139,0.0131,0.0098,0.0111,0.0111,0.0000,0.0131,0.0111,,,
Train,36,4,0.0022,0.1063,0.0454,0.0449,0.0450,0.0450,0.0450,0.0000,0.0449,0.0450,,,
Train,36,5,0.0206,0.2065,0.1644,0.1566,0.1515,0.1644,0.1644,0.2036,0.1999,0.2019,,,
Train,36,6,0.0125,0.2167,0.1156,0.1156,0.1156,0.1156,0.1156,0.2131,0.2134,0.2138,,,
Train,36,7,0.0047,0.2645,0.1254,0.1220,0.1214,0.1254,0.1254,0.2487,0.2566,0.2554,,,
Train,36,8,-0.0037,0.1810,0.0960,0.0855,0.0825,0.0960,0.0960,0.1740,0.1682,0.1668,,,
Train,36,9,-0.0012,0.1546,0.0950,0.0771,0.0727,0.0950,0.0950,0.1546,0.1546,0.1426,,,
Train,37,1,-0.0079,0.7899,0.2218,0.2218,0.2218,0.2218,0.2218,0.6721,0.7902,0.7902,,,
Train,37,2,-0.0058,0.4623,0.1383,0.1383,0.1383,0.1383,0.1383,0.4211,0.4119,0.4119,,,
Train,37,3,-0.0067,0.0835,0.0295,0.0294,0.0211,0.0291,0.0291,0.0000,0.0294,0.0291,,,
Train,37,4,0.0054,0.1117,0.0450,0.0450,0.0450,0.0450,0.0450,0.0000,0.0450,0.0450,,,
Train,37,5,0.0177,0.1763,0.1483,0.1396,0.1345,0.1483,0.1483,0.1670,0.1725,0.1721,,,
Train,37,6,0.0088,0.2013,0.0936,0.0935,0.0936,0.0936,0.0936,0.1587,0.1629,0.1631,,,
Train,37,7,0.0034,0.2869,0.1209,0.1161,0.1154,0.1209,0.1209,0.2855,0.2822,0.2822,,,
Train,37,8,-0.0021,0.1991,0.0905,0.0783,0.0742,0.0905,0.0905,0.1816,0.1696,0.1718,,,
Train,37,9,-0.0169,0.1435,0.0771,0.0603,0.0501,0.0771,0.0771,0.1435,0.1434,0.1195,,,
Test,1,1,-0.0156,-0.0242,-0.0232,-0.0483,-0.0485,0.0000,-0.0485,0.0000,-0.0483,-0.0485,600.00,3400.00,3400.00
Test,1,2,-0.0157,-0.0525,-0.0238,-0.0632,-0.0007,-0.0007,-0.0007,0.0000,-0.0632,-0.0007,56100.00,100000.00,2400.00
Test,1,3,-0.0157,-0.0123,-0.0074,-0.0595,-0.0005,-0.0005,-0.0005,0.0000,-0.0595,-0.0005,3600.00,4300.00,4500.00
Test,1,4,-0.0161,0.0156,0.0156,0.0034,0.0084,0.0084,0.0084,0.0000,0.0034,0.0084,76800.00,78400.00,2300.00
Test,1,5,-0.0127,-0.0052,-0.0029,-0.0082,-0.0015,-0.0015,-0.0015,0.0000,-0.0082,-0.0015,4800.00,31600.00,61500.00
Test,1,6,-0.0134,-0.0101,0.0046,-0.0268,0.0076,0.0076,0.0076,0.0000,-0.0268,0.0076,90500.00,82400.00,75800.00
Test,1,7,-0.0144,-0.0367,-0.0275,-0.0939,-0.0537,-0.0537,-0.0537,0.0000,-0.0939,-0.0537,57100.00,17700.00,67500.00
Test,1,8,0.0107,-0.1037,NA,-0.0622,-0.0298,-0.0298,-0.0298,-0.0932,-0.0622,-0.0298,2900.00,90900.00,24100.00
Test,1,9,0.0593,-0.1410,NA,-0.0468,-0.1027,-0.1027,-0.1027,0.0000,-0.0468,-0.1027,36600.00,34200.00,19100.00
Test,2,1,-0.0250,0.0040,0.0109,0.0066,0.0117,0.0117,0.0117,0.0000,0.0117,0.0117,2000.00,1000.00,100000.00
Test,2,2,-0.0257,-0.0101,0.0053,0.0007,0.0035,0.0035,0.0035,0.0000,0.0007,0.0035,60700.00,6600.00,68300.00
Test,2,3,-0.0251,-0.0419,-0.0104,-0.0127,0.0030,-0.0149,-0.0149,0.0000,-0.0127,-0.0149,54300.00,4800.00,57900.00
Test,2,4,-0.0266,-0.0136,-0.0160,-0.0309,-0.0164,-0.0164,-0.0164,0.0000,-0.0309,-0.0164,98600.00,89000.00,10600.00
Test,2,5,-0.0337,-0.1082,-0.0486,-0.0355,-0.0297,-0.0297,-0.0297,0.0000,-0.0355,-0.0297,71200.00,77200.00,76500.00
Test,2,6,-0.0434,-0.0216,0.0080,-0.0024,-0.0054,0.0055,0.0055,0.0000,-0.0024,0.0055,92900.00,92700.00,94500.00
Test,2,7,-0.0439,-0.0286,NA,-0.0038,-0.0071,0.0031,0.0031,0.0000,-0.0038,0.0031,63400.00,63000.00,69100.00
Test,2,8,-0.0066,-0.1481,NA,-0.0815,-0.0515,-0.0917,-0.0917,0.0000,-0.0815,-0.0917,80200.00,78500.00,42200.00
Test,2,9,-0.0133,-0.0957,NA,-0.0779,-0.0763,-0.0959,-0.0959,0.0000,-0.0779,-0.0959,70300.00,34600.00,80200.00
Test,3,1,-0.0265,0.0125,0.0103,-0.0190,0.0122,0.0122,0.0122,0.0076,0.0074,0.0122,1200.00,900.00,4900.00
Test,3,2,-0.0270,-0.0010,0.0114,-0.0079,0.0121,0.0121,0.0121,-0.0017,0.0011,0.0121,0.00,300.00,2800.00
Test,3,3,-0.0249,-0.0990,-0.0526,-0.0736,-0.0318,-0.0318,-0.0318,0.0000,-0.0736,-0.0318,57800.00,65300.00,27300.00
Test,3,4,-0.0267,-0.1462,-0.0918,-0.1107,-0.1107,-0.1107,-0.1107,-0.0768,-0.1107,-0.1107,6800.00,79700.00,79700.00
Test,3,5,-0.0343,-0.1128,-0.0469,-0.0885,-0.0256,-0.0256,-0.0256,0.0000,-0.0885,-0.0256,59800.00,75000.00,30900.00
Test,3,6,-0.0425,0.0110,0.0024,-0.0104,0.0027,0.0027,0.0027,0.0000,-0.0104,0.0027,49500.00,84400.00,95600.00
Test,3,7,-0.0444,0.0079,NA,0.0051,0.0023,-0.0061,-0.0061,0.0000,0.0051,-0.0061,60100.00,59400.00,73600.00
Test,3,8,-0.0124,-0.1324,NA,-0.0756,-0.0696,-0.0696,-0.0696,0.0000,-0.0756,-0.0696,86400.00,99600.00,82000.00
Test,3,9,-0.0129,-0.2119,NA,-0.1101,-0.1129,-0.1129,-0.1129,0.0000,-0.1101,-0.1129,99100.00,100000.00,100000.00
Test,4,1,-0.0301,0.0384,0.0193,-0.0080,-0.0080,0.0260,0.0260,0.0246,0.0133,0.0260,1300.00,2000.00,99600.00
Test,4,2,-0.0304,-0.0802,-0.0277,-0.0082,-0.0082,-0.0488,-0.0488,0.0000,-0.0082,-0.0488,68300.00,73900.00,62300.00
Test,4,3,-0.0283,-0.2943,-0.1032,-0.1016,-0.0538,-0.1486,-0.1486,-0.2938,-0.2452,-0.1729,0.00,2700.00,7600.00
Test,4,4,-0.0294,-0.2627,-0.1390,-0.1192,-0.0573,-0.1570,-0.1570,-0.1846,-0.1192,-0.1570,8700.00,90700.00,96800.00
Test,4,5,-0.0412,-0.5537,NA,-0.0367,-0.0232,-0.0232,-0.0232,0.0000,-0.0367,-0.0232,86000.00,71800.00,77800.00
Test,4,6,-0.0468,-0.0913,NA,-0.0397,-0.0295,-0.0295,-0.0295,0.0000,-0.0397,-0.0295,100000.00,93700.00,92700.00
Test,4,7,-0.0488,-0.0235,NA,-0.0337,-0.0273,-0.0273,-0.0273,0.0000,-0.0337,-0.0273,100000.00,63400.00,74400.00
Test,4,8,-0.0256,-0.1831,NA,-0.0749,-0.0651,-0.0651,-0.0651,-0.1832,-0.0749,-0.0651,0.00,100000.00,87800.00
Test,4,9,-0.0256,-0.2949,NA,-0.1070,-0.1066,-0.1066,-0.1066,-0.2944,-0.2798,-0.2947,0.00,6600.00,0.00
Test,5,1,-0.0192,0.0241,0.0109,-0.0113,-0.0113,-0.0113,-0.0113,0.0212,-0.0113,-0.0113,3100.00,100000.00,100000.00
Test,5,2,-0.0189,-0.2438,-0.0335,-0.0152,-0.0465,-0.0465,-0.0465,-0.2429,-0.1990,-0.0465,0.00,1200.00,70600.00
Test,5,3,-0.0181,-0.2068,-0.0745,-0.0699,-0.0520,-0.0520,-0.0520,-0.2066,-0.2067,-0.2067,0.00,0.00,0.00
Test,5,4,-0.0176,-0.2042,-0.1292,-0.1214,-0.0541,-0.1485,-0.1485,0.0000,-0.1214,-0.1485,87200.00,83900.00,81100.00
Test,5,5,-0.0253,-0.5673,NA,-0.0507,-0.0363,-0.0363,-0.0363,-0.5131,-0.0507,-0.0363,9000.00,100000.00,100000.00
Test,5,6,-0.0283,-0.1874,NA,-0.0363,-0.0419,-0.0419,-0.0419,0.0059,-0.0363,-0.0419,100000.00,88000.00,96200.00
Test,5,7,-0.0354,-0.1421,NA,-0.0445,-0.0507,-0.0507,-0.0507,0.0175,-0.0445,-0.0502,82200.00,100000.00,100000.00
Test,5,8,-0.0309,-0.1858,NA,-0.0662,-0.0689,-0.0782,-0.0782,-0.1821,-0.1730,-0.0812,2200.00,10000.00,83300.00
Test,5,9,-0.0195,-0.1541,NA,-0.0819,-0.0852,-0.0852,-0.0852,-0.0060,-0.0841,-0.0864,100000.00,95900.00,72700.00
Test,6,1,-0.0051,-1.9880,0.0171,0.0071,0.0064,0.0171,0.0171,0.0008,0.0079,0.0176,100000.00,100000.00,100000.00
Test,6,2,-0.0053,-0.1705,0.0186,0.0079,0.0073,0.0186,0.0186,0.0000,0.0079,0.0186,100000.00,2300.00,100000.00
Test,6,3,-0.0055,-0.0114,0.0180,0.0090,0.0078,0.0180,0.0180,0.0003,0.0090,0.0183,100000.00,100.00,100000.00
Test,6,4,-0.0039,-0.5966,-0.0138,-0.0064,0.0014,-0.0138,-0.0138,0.0000,-0.0064,-0.0138,100000.00,100000.00,100000.00
Test,6,5,-0.0042,-0.3044,-0.0101,-0.0042,0.0025,-0.0101,-0.0101,0.0000,-0.0042,-0.0101,100000.00,100.00,100.00
Test,6,6,-0.0041,-0.1362,-0.0101,-0.0043,0.0026,-0.0101,-0.0101,-0.0002,-0.0044,-0.0102,17900.00,7700.00,4800.00
Test,6,7,-0.0134,-0.5194,-0.0250,-0.0124,-0.0015,-0.0250,-0.0250,0.0000,-0.0124,-0.0250,100000.00,100000.00,100000.00
Test,6,8,-0.0142,-0.0614,-0.0246,-0.0124,-0.0020,-0.0246,-0.0246,0.0000,-0.0124,-0.0246,100000.00,100000.00,100000.00
Test,6,9,-0.1040,-6.8368,-0.2022,-0.2345,-0.2647,-0.2022,-0.2022,0.0000,-0.2345,-0.2022,100000.00,100000.00,100000.00
Test,7,1,0.0002,-0.7801,0.0245,0.0156,0.0090,0.0245,0.0245,0.0000,0.0156,0.0245,98400.00,97600.00,96800.00
Test,7,2,0.0001,-0.3332,0.0254,0.0161,0.0094,0.0254,0.0254,0.0000,0.0161,0.0254,100.00,100.00,100.00
Test,7,3,0.0000,0.0342,0.0246,0.0164,0.0096,0.0246,0.0246,0.0000,0.0164,0.0246,62400.00,69400.00,61300.00
Test,7,4,-0.0061,-1.1100,0.0067,0.0056,0.0015,0.0067,0.0067,0.0000,0.0056,0.0067,100000.00,100000.00,100000.00
Test,7,5,-0.0062,-0.5495,0.0106,0.0080,0.0023,0.0106,0.0106,0.0000,0.0080,0.0106,200.00,200.00,200.00
Test,7,6,-0.0005,-0.3326,-0.0041,-0.0028,-0.0005,-0.0041,-0.0041,0.0000,-0.0028,-0.0041,200.00,200.00,200.00
Test,7,7,-0.0107,-0.4941,-0.0163,-0.0124,-0.0028,-0.0163,-0.0163,0.0000,-0.0124,-0.0163,68600.00,77700.00,98700.00
Test,7,8,-0.0110,-0.2043,-0.0176,-0.0138,-0.0041,-0.0176,-0.0176,0.0000,-0.0138,-0.0176,100000.00,100000.00,100000.00
Test,7,9,-0.0810,-0.8770,-0.1349,-0.1508,-0.1887,-0.1349,-0.1349,0.0000,-0.1508,-0.1349,85400.00,84000.00,82800.00
Test,8,1,-0.0016,-4.7560,-0.0160,0.0078,0.0134,-0.0160,-0.0160,-0.4544,-0.4425,-0.4648,3.00,3.00,3.00
Test,8,2,-0.0016,-0.5751,-0.0158,0.0080,0.0138,-0.0158,-0.0158,0.0000,0.0080,-0.0158,100000.00,100000.00,100000.00
Test,8,3,-0.0018,-0.1421,-0.0134,0.0104,0.0139,-0.0134,-0.0134,0.0000,0.0104,-0.0134,100000.00,100000.00,100000.00
Test,8,4,-0.0179,-1.3992,0.0321,0.0173,0.0082,0.0321,0.0321,0.0000,0.0173,0.0321,93400.00,87100.00,98800.00
Test,8,5,-0.0174,-1.3930,0.0364,0.0186,0.0085,0.0364,0.0364,-0.9549,-0.9176,-0.9176,18.00,18.00,18.00
Test,8,6,-0.0161,-1.3475,0.0164,0.0073,0.0001,0.0164,0.0164,-0.0101,0.0073,0.0164,100.00,58900.00,59500.00
Test,8,7,-0.0216,-1.5500,-0.0333,-0.0236,-0.0153,-0.0333,-0.0333,-0.0438,-0.0236,-0.0333,100.00,73600.00,75500.00
Test,8,8,-0.0215,-1.5505,-0.0332,-0.0246,-0.0166,-0.0332,-0.0332,-1.4408,-1.4409,-1.4408,3.00,3.00,3.00
Test,8,9,-0.1020,-6.8418,-0.1756,-0.2111,-0.2448,-0.1756,-0.1756,0.0000,-0.2111,-0.1756,94000.00,95000.00,88500.00
Test,9,1,0.0003,-0.6139,-0.0223,0.0151,0.0182,-0.0223,-0.0223,-0.2494,-0.2156,-0.2592,6.00,6.00,6.00
Test,9,2,0.0003,-0.8693,-0.0221,0.0155,0.0184,-0.0221,-0.0221,-0.1423,0.0155,-0.0221,16.00,100000.00,100000.00
Test,9,3,0.0004,-0.0796,0.0186,0.0189,0.0181,0.0181,0.0181,0.0000,0.0189,0.0181,100000.00,100000.00,100000.00
Test,9,4,-0.0225,-1.5704,0.0552,0.0388,0.0145,0.0552,0.0552,-0.0040,0.0262,0.0552,100.00,100.00,23900.00
Test,9,5,-0.0226,-1.6296,0.0550,0.0387,0.0141,0.0550,0.0550,-0.0050,0.0301,0.0550,100.00,100.00,200.00
Test,9,6,-0.0274,-1.3187,0.0007,-0.0010,-0.0070,0.0007,0.0007,-1.0412,-1.0758,-1.0757,7.00,7.00,7.00
Test,9,7,-0.0281,-1.3351,0.0023,-0.0003,-0.0078,0.0023,0.0023,-1.0059,-1.0666,-1.0665,8.00,7.00,7.00
Test,9,8,-0.0399,-2.2595,-0.1126,-0.1042,-0.0862,-0.1126,-0.1126,-2.0169,-2.1319,-2.1318,6.00,5.00,5.00
Test,9,9,-0.2842,-6.2724,-0.4344,-0.4667,-0.5460,-0.4344,-0.4344,-6.1688,-6.3180,-6.3176,5.00,6.00,6.00
Test,10,1,-0.0051,-0.7747,-0.0118,0.0009,0.0003,-0.0022,-0.0022,0.0000,0.0009,-0.0022,12100.00,100000.00,100000.00
Test,10,2,-0.0051,-0.4340,-0.0118,0.0003,0.0002,-0.0022,-0.0022,0.0000,0.0003,-0.0022,7600.00,7500.00,7400.00
Test,10,3,-0.0071,-1.0216,-0.0044,-0.0077,-0.0101,-0.0044,-0.0044,0.0000,-0.0077,-0.0044,100000.00,100000.00,100000.00
Test,10,4,-0.0071,-0.3060,-0.0045,-0.0061,-0.0001,-0.0045,-0.0045,0.0000,-0.0061,-0.0045,100000.00,100000.00,100000.00
Test,10,5,-0.0074,-0.3279,-0.0064,-0.0080,-0.0117,-0.0064,-0.0064,0.0000,-0.0080,-0.0064,18600.00,17700.00,18200.00
Test,10,6,-0.0072,-0.0512,-0.0099,-0.0099,-0.0099,-0.0099,-0.0099,0.0000,-0.0099,-0.0099,16700.00,20200.00,20200.00
Test,10,7,-0.0073,-0.0445,-0.0095,-0.0095,-0.0095,-0.0095,-0.0095,0.0000,-0.0095,-0.0095,16200.00,14100.00,14100.00
Test,10,8,-0.0009,-0.0075,NA,-0.0013,-0.0013,-0.0013,-0.0013,0.0000,-0.0013,-0.0013,78200.00,68900.00,68900.00
Test,10,9,-0.0033,0.0425,NA,0.0006,0.0006,0.0006,0.0006,0.0000,0.0006,0.0006,98700.00,90000.00,90000.00
Test,11,1,-0.0045,-1.3688,-0.0128,-0.0128,-0.0084,-0.0128,-0.0128,0.0000,-0.0128,-0.0128,10400.00,10100.00,10100.00
Test,11,2,-0.0045,-1.1975,-0.0129,-0.0129,-0.0129,-0.0129,-0.0129,0.0000,-0.0129,-0.0129,10800.00,10500.00,10500.00
Test,11,3,-0.0065,-3.4406,-0.0203,-0.0153,-0.0103,-0.0203,-0.0203,0.0000,-0.0153,-0.0203,20200.00,20200.00,20300.00
Test,11,4,-0.0065,-2.5444,-0.0204,-0.0143,-0.0104,-0.0204,-0.0204,0.0000,-0.0143,-0.0204,18100.00,17900.00,17800.00
Test,11,5,-0.0073,-0.0301,-0.0058,-0.0062,-0.0112,-0.0058,-0.0058,0.0000,-0.0062,-0.0058,100000.00,19800.00,19900.00
Test,11,6,-0.0096,0.0185,-0.0181,0.0078,0.0123,-0.0181,-0.0181,0.0000,0.0078,-0.0181,26900.00,25500.00,99300.00
Test,11,7,-0.0097,0.0635,NA,0.0076,0.0123,-0.0180,-0.0180,0.0000,0.0076,-0.0180,93500.00,93300.00,98600.00
Test,11,8,-0.0046,0.2168,NA,0.0253,0.0253,0.0253,0.0253,0.0000,0.0253,0.0253,98200.00,62300.00,62300.00
Test,11,9,-0.0083,0.0011,NA,0.0095,0.0095,0.0095,0.0095,0.1297,0.1177,0.1177,50900.00,50500.00,50500.00
Test,12,1,-0.0074,-2.3506,-0.0204,-0.0039,0.0032,-0.0204,-0.0204,-0.0839,-0.0915,-0.1054,10100.00,9900.00,9900.00
Test,12,2,-0.0074,-1.8828,-0.0205,-0.0043,0.0032,-0.0205,-0.0205,0.0000,-0.0043,-0.0205,100000.00,100000.00,100000.00
Test,12,3,-0.0105,-0.9088,-0.0288,-0.0114,0.0043,-0.0288,-0.0288,0.0000,-0.0114,-0.0288,68600.00,68900.00,64000.00
Test,12,4,-0.0106,-0.3453,-0.0155,-0.0080,-0.0016,-0.0288,-0.0288,0.0000,-0.0080,-0.0288,100000.00,100000.00,100000.00
Test,12,5,-0.0122,-0.1067,0.0363,0.0183,-0.0021,0.0376,0.0376,0.0000,0.0183,0.0376,92800.00,38700.00,54700.00
Test,12,6,-0.0137,0.1502,0.0447,0.0384,0.0231,0.0447,0.0447,0.0000,0.0384,0.0447,85800.00,88900.00,93200.00
Test,12,7,-0.0138,0.1374,0.0446,0.0374,0.0230,0.0446,0.0446,0.0000,0.0374,0.0446,99400.00,93400.00,63000.00
Test,12,8,-0.0010,0.0553,NA,0.0108,0.0108,0.0108,0.0108,-0.0303,0.0018,0.0018,27700.00,79600.00,79600.00
Test,12,9,-0.0079,-0.0069,NA,0.0076,0.0076,0.0076,0.0076,0.0998,0.0701,0.0701,45500.00,69000.00,69000.00
Test,13,1,-0.0102,-1.2698,-0.0244,-0.0145,0.0062,-0.0244,-0.0244,0.0000,-0.0145,-0.0244,100000.00,100000.00,100000.00
Test,13,2,-0.0102,-0.5033,-0.0245,-0.0167,0.0062,-0.0245,-0.0245,-0.0139,-0.0167,-0.0245,13800.00,94900.00,80400.00
Test,13,3,-0.0141,-0.7809,-0.0256,-0.0249,-0.0248,-0.0248,-0.0248,-0.4056,-0.4166,-0.4166,9100.00,9000.00,9000.00
Test,13,4,-0.0152,-0.4903,-0.0185,-0.0131,0.0005,-0.0185,-0.0185,-0.3941,-0.3941,-0.3954,7200.00,7200.00,7100.00
Test,13,5,-0.0169,-0.2879,-0.0216,0.0131,0.0002,-0.0216,-0.0216,-0.0901,-0.0814,-0.0757,31300.00,32200.00,33500.00
Test,13,6,-0.0204,0.2215,0.0666,0.0666,0.0666,0.0666,0.0666,0.0000,0.0666,0.0666,67100.00,82500.00,82500.00
Test,13,7,-0.0204,0.2189,0.0667,0.0667,0.0667,0.0667,0.0667,0.0000,0.0667,0.0667,94000.00,96700.00,96700.00
Test,13,8,-0.0075,0.1395,NA,0.0444,0.0444,0.0444,0.0444,0.1681,0.1704,0.1704,14900.00,17500.00,17500.00
Test,13,9,-0.0057,-0.2208,NA,0.0158,0.0158,0.0158,0.0158,0.0160,0.0372,0.0372,38600.00,45300.00,45300.00
Test,14,1,-0.0064,-0.6301,-0.0229,-0.0103,0.0090,-0.0229,-0.0229,0.0000,-0.0103,-0.0229,99600.00,97600.00,97700.00
Test,14,2,-0.0070,-0.3291,-0.0255,-0.0224,0.0042,-0.0255,-0.0255,-0.1423,-0.1601,-0.1644,10800.00,10500.00,10300.00
Test,14,3,-0.0092,-0.9452,-0.0166,-0.0219,0.0042,-0.0166,-0.0166,-0.6509,-0.6359,-0.6745,6000.00,6200.00,5700.00
Test,14,4,-0.0102,-0.5445,-0.0208,0.0109,0.0033,-0.0208,-0.0208,-0.3850,-0.3842,-0.3802,12800.00,12800.00,13100.00
Test,14,5,-0.0107,-0.1909,-0.0237,0.0251,0.0219,0.0624,0.0624,-0.0702,-0.0624,-0.0623,29600.00,29900.00,29900.00
Test,14,6,-0.0131,0.2220,NA,0.0768,0.0768,0.0768,0.0768,0.0000,0.0768,0.0768,100000.00,100000.00,100000.00
Test,14,7,-0.0132,0.2726,NA,0.0769,0.0769,0.0769,0.0769,0.0000,0.0769,0.0769,100000.00,100000.00,100000.00
Test,14,8,-0.0021,0.1729,NA,0.0548,0.0548,0.0548,0.0548,0.1899,0.2062,0.2062,53800.00,51400.00,51400.00
Test,14,9,0.0092,-0.3162,NA,0.0439,0.0439,0.0439,0.0439,-0.0029,0.0423,0.0423,86800.00,91800.00,91800.00
Test,15,1,-0.0043,-0.1263,-0.0224,-0.0028,0.0109,-0.0224,-0.0224,-0.0189,-0.0251,-0.0447,18700.00,17600.00,17400.00
Test,15,2,-0.0049,-0.5797,-0.0260,-0.0187,0.0044,-0.0260,-0.0260,-0.2142,-0.2195,-0.2197,17900.00,18100.00,18100.00
Test,15,3,-0.0061,-2.0862,-0.0246,-0.0244,-0.0257,-0.0246,-0.0246,-1.9414,-1.9415,-1.9416,1600.00,1600.00,1600.00
Test,15,4,-0.0061,-0.8516,-0.0298,0.0025,0.0189,-0.0298,-0.0298,-0.6040,-0.6143,-0.6143,19600.00,18800.00,18800.00
Test,15,5,-0.0059,-0.4360,-0.0335,0.0158,0.0202,-0.0335,-0.0335,-0.2415,-0.2474,-0.2475,33700.00,31900.00,31900.00
Test,15,6,-0.0085,0.0187,NA,0.0812,0.0812,0.0812,0.0812,0.1409,0.1679,0.1679,61100.00,61700.00,61700.00
Test,15,7,-0.0077,0.1919,NA,0.0875,0.0875,0.0875,0.0875,0.2330,0.0875,0.0875,12200.00,100000.00,100000.00
Test,15,8,-0.0011,0.1825,NA,0.0669,0.0669,0.0669,0.0669,0.1942,0.2066,0.2066,60500.00,61100.00,61100.00
Test,15,9,0.0023,-0.1430,NA,0.0433,0.0433,0.0433,0.0433,-0.0276,-0.0277,-0.0277,100000.00,100000.00,100000.00
Test,16,1,-0.0038,-3.9460,-0.0144,0.0070,0.0126,-0.0144,-0.0144,-5.1298,-5.1016,-5.0571,2200.00,2200.00,2200.00
Test,16,2,-0.0038,-1.3365,-0.0175,-0.0171,-0.0167,-0.0200,-0.0200,-1.0144,-1.0145,-1.0138,8500.00,8400.00,8700.00
Test,16,3,-0.0052,-2.2363,-0.0329,-0.0294,-0.0255,-0.0329,-0.0329,-1.3683,-1.3729,-1.3876,15500.00,15400.00,15100.00
Test,16,4,-0.0052,-0.7680,-0.0377,-0.0377,-0.0377,-0.0377,-0.0377,-0.5698,-0.5573,-0.5573,27900.00,30800.00,30800.00
Test,16,5,-0.0052,-0.8719,-0.0444,-0.0087,0.0170,-0.0444,-0.0444,-0.7313,-0.7141,-0.7141,16000.00,17800.00,17800.00
Test,16,6,-0.0092,0.0226,NA,0.0831,0.0831,0.0831,0.0831,0.1464,0.1758,0.1758,43800.00,45000.00,45000.00
Test,16,7,-0.0092,0.3245,NA,0.0945,0.0945,0.0945,0.0945,0.2082,0.0968,0.0968,52200.00,100000.00,100000.00
Test,16,8,0.0026,0.1853,NA,0.0851,0.0851,0.0851,0.0851,0.2353,0.2561,0.2561,27300.00,33800.00,33800.00
Test,16,9,0.0035,-0.6088,NA,0.0214,0.0214,0.0214,0.0214,-0.5279,-0.5281,-0.5281,56400.00,65800.00,65800.00
Test,17,1,-0.0086,-1.6032,NA,0.0095,0.0147,-0.0070,-0.0070,0.0000,0.0095,-0.0070,100000.00,100000.00,100000.00
Test,17,2,-0.0086,-0.3382,NA,0.0117,0.0147,-0.0070,-0.0070,0.0000,0.0117,-0.0070,100000.00,100000.00,89100.00
Test,17,3,-0.0086,-0.0339,-0.0071,0.0123,0.0146,-0.0071,-0.0071,0.0000,0.0123,-0.0071,100000.00,100000.00,100000.00
Test,17,4,-0.0086,0.0571,-0.0044,0.0129,0.0146,-0.0071,-0.0071,0.0000,0.0129,-0.0071,100000.00,100000.00,100000.00
Test,17,5,-0.0084,-0.0082,-0.0069,0.0113,0.0151,-0.0069,-0.0069,0.0000,0.0113,-0.0069,100000.00,9300.00,9400.00
Test,17,6,-0.0090,-0.0074,0.0114,0.0156,0.0152,-0.0084,-0.0084,0.0000,0.0156,-0.0084,100000.00,15300.00,99900.00
Test,17,7,-0.0089,0.0209,NA,0.0193,0.0151,0.0151,0.0151,0.0000,0.0193,0.0151,18700.00,100000.00,14500.00
Test,17,8,-0.0005,0.0375,NA,0.0137,0.0137,0.0137,0.0137,0.0256,0.0279,0.0279,100000.00,100000.00,100000.00
Test,17,9,0.0086,-0.0880,NA,-0.0006,-0.0006,-0.0006,-0.0006,-0.0826,-0.0756,-0.0756,25000.00,25400.00,25400.00
Test,18,1,-0.0050,-2.5544,-0.0117,-0.0094,-0.0064,-0.0117,-0.0117,-3.9325,-3.9740,-3.9493,4300.00,4200.00,4200.00
Test,18,2,-0.0050,-1.2746,-0.0018,-0.0091,-0.0064,-0.0117,-0.0117,0.0000,-0.0091,-0.0117,86900.00,81900.00,81800.00
Test,18,3,-0.0050,-0.3439,-0.0078,-0.0092,-0.0066,-0.0119,-0.0119,0.0000,-0.0092,-0.0119,25000.00,24700.00,23800.00
Test,18,4,-0.0050,-0.6540,-0.0030,0.0170,0.0109,0.0236,0.0236,-0.6156,0.0383,0.0453,11300.00,32200.00,33100.00
Test,18,5,-0.0051,0.0467,0.0249,0.0170,0.0115,0.0249,0.0249,0.0000,0.0170,0.0249,100000.00,100000.00,100000.00
Test,18,6,-0.0061,0.0746,NA,0.0176,0.0103,0.0241,0.0241,0.0052,0.0176,0.0241,100000.00,99000.00,97600.00
Test,18,7,-0.0060,0.0756,NA,0.0181,0.0101,0.0236,0.0236,0.0703,0.0181,0.0236,45200.00,100000.00,99900.00
Test,18,8,-0.0010,0.0489,NA,0.0088,0.0088,0.0088,0.0088,0.0332,0.0360,0.0360,45500.00,47800.00,47800.00
Test,18,9,0.0035,0.0176,NA,-0.0006,-0.0006,-0.0006,-0.0006,-0.0764,-0.0627,-0.0627,58300.00,58700.00,58700.00
Test,19,1,-0.0081,-0.4592,-0.0047,0.0114,0.0054,-0.0047,-0.0047,0.0000,0.0114,-0.0047,14200.00,14200.00,14100.00
Test,19,2,-0.0081,-0.0173,-0.0048,0.0103,0.0054,-0.0048,-0.0048,0.0000,0.0103,-0.0048,65300.00,62400.00,100000.00
Test,19,3,-0.0091,0.0324,-0.0063,0.0027,0.0055,-0.0063,-0.0063,0.0133,0.0027,-0.0063,11300.00,58900.00,65800.00
Test,19,4,-0.0092,0.0256,-0.0065,0.0040,0.0054,-0.0065,-0.0065,0.0143,0.0139,-0.0065,15400.00,25800.00,39000.00
Test,19,5,-0.0097,-0.0365,-0.0070,0.0046,0.0059,-0.0070,-0.0070,0.0000,0.0046,-0.0070,52100.00,54100.00,100000.00
Test,19,6,-0.0105,-0.1187,NA,0.0064,0.0172,-0.0111,-0.0111,0.0106,0.0064,-0.0111,41100.00,63200.00,61400.00
Test,19,7,-0.0105,-0.0306,NA,0.0114,0.0171,-0.0106,-0.0106,0.0000,0.0114,-0.0106,67600.00,60100.00,89400.00
Test,19,8,0.0002,0.0437,NA,0.0087,0.0087,0.0087,0.0087,0.0130,0.0150,0.0150,100000.00,100000.00,100000.00
Test,19,9,0.0042,-0.1492,NA,-0.0155,-0.0155,-0.0155,-0.0155,-0.1117,-0.1017,-0.1017,92400.00,100000.00,100000.00
Test,20,1,-0.0087,-0.6666,-0.0180,-0.0177,-0.0106,-0.0180,-0.0180,0.0000,-0.0177,-0.0180,32600.00,33300.00,33400.00
Test,20,2,-0.0088,-0.3095,-0.0181,-0.0157,-0.0107,-0.0181,-0.0181,-0.0085,-0.0157,-0.0181,12800.00,64900.00,42700.00
Test,20,3,-0.0107,-0.0588,-0.0222,-0.0150,-0.0138,-0.0222,-0.0222,-0.0269,-0.0385,-0.0354,20800.00,20800.00,21000.00
Test,20,4,-0.0114,0.0054,-0.0092,0.0213,0.0185,0.0411,0.0411,0.0747,0.0792,0.0800,64900.00,59600.00,56800.00
Test,20,5,-0.0111,0.0904,NA,0.0362,0.0196,0.0416,0.0416,0.0539,0.0364,0.0416,76200.00,100000.00,100000.00
Test,20,6,-0.0133,0.0008,NA,0.0288,0.0185,0.0450,0.0450,0.0350,0.0380,0.0434,38500.00,40100.00,47900.00
Test,20,7,-0.0132,0.0645,NA,0.0303,0.0183,0.0443,0.0443,0.0658,0.0678,0.0679,42400.00,38700.00,38700.00
Test,20,8,-0.0025,0.0457,NA,0.0100,0.0100,0.0100,0.0100,0.0317,0.0254,0.0254,42500.00,50400.00,50400.00
Test,20,9,-0.0002,-0.1609,NA,-0.0290,-0.0290,-0.0290,-0.0290,-0.1722,-0.1695,-0.1695,75500.00,83000.00,83000.00
Test,21,1,-0.0117,-0.7611,-0.0182,-0.0150,-0.0129,-0.0182,-0.0182,-0.0259,-0.0150,-0.0182,25900.00,100000.00,100000.00
Test,21,2,-0.0117,-0.3118,-0.0096,-0.0143,-0.0131,-0.0183,-0.0183,-0.0505,-0.0519,-0.0579,18400.00,18400.00,18700.00
Test,21,3,-0.0146,-0.1712,-0.0237,-0.0189,-0.0171,-0.0237,-0.0237,-0.1246,-0.1326,-0.1368,28300.00,28200.00,24900.00
Test,21,4,-0.0150,-0.1133,NA,0.0354,0.0057,0.0468,0.0468,-0.0537,-0.0579,-0.0699,22300.00,20800.00,16500.00
Test,21,5,-0.0155,0.1054,NA,0.0477,0.0203,0.0486,0.0486,0.0974,0.1019,0.1020,74700.00,85000.00,85200.00
Test,21,6,-0.0174,0.0072,NA,0.0437,0.0202,0.0529,0.0529,0.1057,0.0676,0.0674,100000.00,37400.00,37200.00
Test,21,7,-0.0173,0.0598,NA,0.0450,0.0199,0.0518,0.0518,0.1034,0.0843,0.0843,100000.00,36200.00,36200.00
Test,21,8,-0.0113,0.1231,NA,0.0269,0.0269,0.0269,0.0269,0.1039,0.0973,0.0973,53400.00,63600.00,63600.00
Test,21,9,-0.0113,-0.0732,NA,-0.0194,-0.0194,-0.0194,-0.0194,-0.0794,-0.0785,-0.0785,57000.00,76400.00,76400.00
Test,22,1,-0.0110,-0.7934,-0.0158,-0.0141,-0.0134,-0.0158,-0.0158,-0.5137,-0.5117,-0.5175,12600.00,12600.00,12600.00
Test,22,2,-0.0117,-0.1003,-0.0170,-0.0151,-0.0145,-0.0170,-0.0170,-0.0042,-0.0182,-0.0206,44100.00,44700.00,46100.00
Test,22,3,-0.0141,-0.0694,-0.0222,-0.0202,-0.0181,-0.0222,-0.0222,-0.0342,-0.0478,-0.0487,62600.00,65200.00,67200.00
Test,22,4,-0.0144,-0.2513,NA,0.0491,0.0179,0.0551,0.0551,-0.0987,-0.0915,-0.0915,37800.00,41500.00,41500.00
Test,22,5,-0.0140,0.0922,NA,0.0557,0.0557,0.0557,0.0557,0.1592,0.1653,0.1653,80600.00,99800.00,99800.00
Test,22,6,-0.0160,0.1672,NA,0.0617,0.0617,0.0617,0.0617,0.1783,0.1895,0.1895,62000.00,81500.00,81500.00
Test,22,7,-0.0157,0.1872,NA,0.0604,0.0604,0.0604,0.0604,0.1781,0.1886,0.1886,63100.00,74200.00,74200.00
Test,22,8,-0.0103,0.1387,NA,0.0325,0.0325,0.0325,0.0325,0.1282,0.1162,0.1162,49100.00,100000.00,100000.00
Test,22,9,-0.0132,0.0675,NA,0.0032,0.0032,0.0032,0.0032,0.0798,0.0827,0.0827,61800.00,80100.00,80100.00
Test,23,1,-0.0083,-1.1657,-0.0060,-0.0095,-0.0112,-0.0060,-0.0060,-1.2798,-1.2521,-1.2113,4100.00,4100.00,4400.00
Test,23,2,-0.0094,-0.4512,-0.0076,-0.0111,-0.0130,-0.0076,-0.0076,-0.1348,-0.1414,-0.1473,23500.00,23400.00,23400.00
Test,23,3,-0.0103,-0.1757,-0.0101,-0.0125,-0.0153,-0.0101,-0.0101,-0.0899,-0.0943,-0.0928,45900.00,47200.00,48600.00
Test,23,4,-0.0098,-0.4457,NA,0.0486,0.0230,0.0522,0.0522,-0.2775,-0.2871,-0.2868,39900.00,38600.00,38700.00
Test,23,5,-0.0101,0.0235,NA,0.0463,0.0220,0.0514,0.0514,0.1737,0.1821,0.1845,100000.00,100000.00,100000.00
Test,23,6,-0.0112,0.0733,NA,0.0546,0.0244,0.0558,0.0558,0.1762,0.1876,0.1882,100000.00,100000.00,100000.00
Test,23,7,-0.0110,0.1664,NA,0.0536,0.0237,0.0546,0.0546,0.1930,0.2045,0.2049,100000.00,100000.00,100000.00
Test,23,8,-0.0095,-0.0667,NA,0.0366,0.0366,0.0366,0.0366,-0.0700,-0.0700,-0.0700,0.00,0.00,0.00
Test,23,9,-0.0411,-2.3348,NA,-0.1059,-0.1484,-0.1044,-0.1044,-1.5882,-1.5345,-1.5344,100000.00,100000.00,100000.00
Test,24,1,0.0005,-0.0806,0.0063,0.0083,0.0077,0.0097,0.0097,0.0000,0.0083,0.0097,300.00,300.00,300.00
Test,24,2,0.0004,-0.0467,-0.0019,0.0002,0.0117,-0.0019,-0.0019,0.0000,0.0002,-0.0019,77000.00,200.00,9500.00
Test,24,3,0.0004,-0.0310,-0.0025,-0.0025,-0.0025,-0.0025,-0.0025,0.0000,-0.0025,-0.0025,79500.00,64200.00,64200.00
Test,24,4,0.0005,-0.0412,-0.0019,-0.0019,-0.0041,-0.0025,-0.0025,-0.0393,-0.0393,-0.0393,15.00,15.00,15.00
Test,24,5,0.0002,-0.1913,-0.0288,-0.0223,-0.0235,-0.0235,-0.0235,0.0000,-0.0223,-0.0235,53300.00,96800.00,60300.00
Test,24,6,-0.0006,-0.1615,-0.0339,-0.0277,-0.0130,-0.0388,-0.0388,0.0000,-0.0277,-0.0388,87900.00,88500.00,71400.00
Test,24,7,-0.0006,-0.1031,-0.0401,-0.0383,-0.0183,-0.0401,-0.0401,0.0000,-0.0383,-0.0401,99600.00,96300.00,98300.00
Test,24,8,0.0042,-0.0174,-0.0005,0.0025,-0.0025,-0.0025,-0.0025,0.0000,0.0025,-0.0025,4800.00,77200.00,3800.00
Test,24,9,-0.0128,0.1067,0.0256,0.0363,0.0094,0.0481,0.0481,0.0000,0.0363,0.0481,95900.00,91400.00,48700.00
Test,25,1,0.0081,-0.1020,0.0083,0.0119,0.0131,0.0083,0.0083,0.0000,0.0119,0.0083,200.00,100000.00,100000.00
Test,25,2,0.0081,-0.0484,0.0129,0.0132,0.0126,0.0129,0.0129,-0.0399,-0.0210,-0.0169,100.00,100.00,100.00
Test,25,3,0.0080,-0.0388,0.0077,0.0085,0.0132,0.0077,0.0077,0.0000,0.0085,0.0077,700.00,60300.00,65200.00
Test,25,4,0.0078,0.0058,0.0056,0.0118,-0.0007,-0.0007,-0.0007,0.0000,0.0118,-0.0007,97900.00,91000.00,5700.00
Test,25,5,0.0102,-0.1274,-0.0288,-0.0149,-0.0114,-0.0288,-0.0288,0.0000,-0.0149,-0.0288,99500.00,96000.00,82000.00
Test,25,6,0.0053,-0.0671,-0.0188,-0.0180,-0.0174,-0.0174,-0.0174,0.0000,-0.0180,-0.0174,74300.00,62200.00,76800.00
Test,25,7,0.0050,-0.0700,-0.0356,-0.0228,-0.0181,-0.0511,-0.0511,0.0000,-0.0228,-0.0511,87100.00,86100.00,83800.00
Test,25,8,0.0089,-0.0011,0.0057,0.0000,-0.0057,-0.0057,-0.0057,0.0000,0.0000,-0.0057,64000.00,64000.00,58100.00
Test,25,9,0.0004,0.0231,0.0130,0.0116,0.0022,0.0128,0.0128,0.0000,0.0116,0.0128,99600.00,94000.00,78100.00
Test,26,1,0.0022,-0.0388,-0.0088,-0.0050,-0.0127,-0.0106,-0.0106,0.0000,-0.0050,-0.0106,48300.00,95500.00,95700.00
Test,26,2,0.0022,-0.1096,0.0122,0.0122,0.0122,0.0122,0.0122,-0.0518,-0.0250,-0.0250,300.00,300.00,300.00
Test,26,3,0.0026,-0.0519,0.0102,0.0102,-0.0036,0.0125,0.0125,0.0000,0.0102,0.0125,67100.00,75000.00,81100.00
Test,26,4,0.0025,-0.0205,0.0094,0.0088,-0.0139,0.0120,0.0120,-0.0206,0.0088,0.0120,700.00,4200.00,57500.00
Test,26,5,0.0031,-0.1008,-0.0119,-0.0138,-0.0176,-0.0176,-0.0176,0.0000,-0.0138,-0.0176,99100.00,100000.00,99200.00
Test,26,6,0.0028,-0.0681,0.0116,-0.0105,0.0024,0.0108,0.0108,0.0000,-0.0105,0.0108,90000.00,79100.00,6000.00
Test,26,7,0.0022,-0.0437,0.0016,0.0031,0.0000,0.0108,0.0108,0.0000,0.0031,0.0108,99400.00,98400.00,98600.00
Test,26,8,0.0101,0.0194,0.0214,0.0215,0.0207,0.0207,0.0207,0.0000,0.0215,0.0207,70300.00,62100.00,68500.00
Test,26,9,-0.0018,0.0842,0.0399,0.0377,0.0403,0.0318,0.0318,0.0000,0.0377,0.0318,96100.00,85100.00,87900.00
Test,27,1,0.0031,-0.0417,0.0162,0.0177,0.0061,0.0194,0.0194,0.0000,0.0177,0.0194,99300.00,31200.00,32400.00
Test,27,2,0.0031,-0.1236,0.0172,0.0172,0.0172,0.0172,0.0172,-0.0741,-0.0565,-0.0565,300.00,300.00,300.00
Test,27,3,0.0031,-0.1392,0.0040,0.0070,0.0048,0.0048,0.0048,0.0000,0.0070,0.0048,83200.00,72600.00,79600.00
Test,27,4,0.0038,-0.2775,-0.0255,-0.0127,-0.0110,-0.0255,-0.0255,-0.2783,-0.2783,-0.2076,0.00,0.00,1300.00
Test,27,5,0.0043,-0.0751,-0.0083,-0.0106,-0.0124,-0.0152,-0.0152,0.0000,-0.0106,-0.0152,99400.00,53300.00,49500.00
Test,27,6,0.0039,-0.0131,0.0220,0.0018,-0.0163,0.0201,0.0201,0.0000,0.0018,0.0201,85100.00,85600.00,73900.00
Test,27,7,0.0037,-0.0306,0.0011,-0.0042,-0.0029,-0.0169,-0.0169,0.0000,-0.0042,-0.0169,97700.00,93600.00,94200.00
Test,27,8,0.0087,-0.0030,0.0110,0.0085,0.0181,0.0181,0.0181,0.0000,0.0085,0.0181,67800.00,65100.00,73700.00
Test,27,9,0.0121,0.0647,0.0724,0.0332,0.0142,0.0711,0.0711,0.0000,0.0332,0.0711,88200.00,86700.00,86300.00
Test,29,1,-0.0011,0.0069,0.0122,0.0138,0.0152,0.0152,0.0152,0.0052,0.0138,0.0152,400.00,91700.00,86500.00
Test,29,2,-0.0009,-0.0460,0.0172,0.0172,0.0172,0.0172,0.0172,-0.0094,-0.0022,-0.0022,400.00,400.00,400.00
Test,29,3,-0.0009,0.0025,0.0185,0.0185,0.0149,0.0186,0.0186,0.0000,0.0185,0.0186,70100.00,77900.00,66300.00
Test,29,4,-0.0013,-0.0827,0.0086,0.0005,-0.0029,0.0175,0.0175,-0.0704,-0.0704,-0.0662,300.00,300.00,400.00
Test,29,5,-0.0042,-0.3392,-0.0548,-0.0320,-0.0112,-0.0548,-0.0548,-0.0903,-0.1181,-0.1121,11900.00,11000.00,13200.00
Test,29,6,-0.0061,-0.2369,-0.0375,-0.0179,-0.0163,-0.0577,-0.0577,-0.1524,-0.0179,-0.0701,5200.00,77800.00,12100.00
Test,29,7,-0.0054,-0.1514,-0.0219,-0.0164,-0.0157,-0.0157,-0.0157,0.0000,-0.0164,-0.0157,54300.00,60400.00,65200.00
Test,29,8,-0.0016,-0.0361,0.0146,-0.0001,-0.0168,0.0323,0.0323,0.0000,-0.0001,0.0323,80500.00,67500.00,74800.00
Test,29,9,-0.0126,0.0399,0.0387,0.0136,0.0102,0.0102,0.0102,0.0000,0.0136,0.0102,45100.00,86100.00,86300.00
Test,30,1,0.0033,0.0170,0.0197,0.0133,0.0092,0.0197,0.0197,0.0000,0.0133,0.0197,92600.00,95900.00,94500.00
Test,30,2,0.0033,-0.0033,0.0183,0.0183,0.0183,0.0183,0.0183,0.0035,0.0110,0.0110,300.00,300.00,300.00
Test,30,3,0.0033,0.0044,0.0174,0.0177,0.0088,0.0194,0.0194,0.0000,0.0177,0.0194,70700.00,74900.00,74500.00
Test,30,4,0.0033,-0.1073,-0.0070,-0.0031,-0.0024,-0.0024,-0.0024,-0.1077,-0.1077,-0.1077,0.00,0.00,0.00
Test,30,5,0.0066,-0.2691,-0.0444,-0.0300,-0.0268,-0.0444,-0.0444,-0.1504,-0.1629,-0.0444,6900.00,6700.00,85000.00
Test,30,6,-0.0010,-0.3947,-0.0525,-0.0273,-0.0135,-0.0616,-0.0616,-0.2873,-0.2683,-0.3279,3700.00,4200.00,2700.00
Test,30,7,0.0007,-0.2655,-0.0407,-0.0257,-0.0151,-0.0613,-0.0613,-0.1295,-0.1335,-0.1959,10800.00,10200.00,7000.00
Test,30,8,0.0025,-0.1964,-0.0455,-0.0332,-0.0181,-0.0467,-0.0467,0.0000,-0.0332,-0.0467,55500.00,55600.00,55700.00
Test,30,9,-0.0020,0.0895,0.0659,0.0733,0.0165,0.1341,0.1341,0.0000,0.0733,0.1341,77500.00,91000.00,82000.00
Test,31,1,0.0116,-3.1060,-0.1713,-0.0800,0.0089,-0.1713,-0.1713,-3.1209,-3.1211,-3.1213,0.00,0.00,0.00
Test,31,2,0.0117,-1.1007,-0.1718,-0.0581,0.0091,-0.1718,-0.1718,0.0000,-0.0581,-0.1718,78200.00,76100.00,100.00
Test,31,3,0.0134,-0.0312,0.0158,0.0191,0.0089,0.0036,0.0036,0.0000,0.0191,0.0036,77200.00,67100.00,76900.00
Test,31,4,0.0137,0.0105,0.0280,0.0274,0.0290,0.0290,0.0290,0.0000,0.0274,0.0290,100000.00,99500.00,96300.00
Test,31,5,0.0147,-0.2328,-0.0077,-0.0222,-0.0195,-0.0195,-0.0195,-0.2225,-0.0222,-0.0195,6.00,86800.00,84500.00
Test,31,6,0.0264,-0.3779,0.0430,0.0112,-0.0552,0.0430,0.0430,-0.1242,0.0112,0.0430,200.00,63000.00,66300.00
Test,31,7,0.0248,-0.0158,0.0357,0.0384,-0.0563,0.0357,0.0357,0.0248,0.0384,0.0357,400.00,93500.00,98500.00
Test,31,8,0.0528,0.0239,0.0716,0.0708,0.0643,0.0716,0.0716,0.0000,0.0708,0.0716,56900.00,900.00,57800.00
Test,31,9,0.2309,-0.0414,0.5465,0.4978,0.4399,0.5873,0.5873,0.3747,0.4978,0.5873,700.00,68900.00,76300.00
Test,32,1,0.0002,-1.9373,-0.2003,-0.0844,-0.0361,-0.2003,-0.2003,0.0000,-0.0844,-0.3065,90900.00,97300.00,100.00
Test,32,2,0.0003,-1.5490,-0.2009,-0.0606,-0.0363,-0.2009,-0.2009,0.0000,-0.0606,-0.2009,72000.00,73200.00,82700.00
Test,32,3,0.0007,-0.4404,0.0060,-0.0094,0.0102,-0.0390,-0.0390,0.0000,-0.0094,-0.0390,70100.00,65100.00,60400.00
Test,32,4,0.0006,-0.1534,0.0223,-0.0033,0.0102,0.0234,0.0234,0.0000,-0.0033,0.0234,99000.00,95600.00,98100.00
Test,32,5,0.0020,0.0617,0.0445,0.0446,0.0409,0.0445,0.0445,0.0000,0.0446,0.0445,92200.00,77300.00,94500.00
Test,32,6,0.0026,-0.2217,0.0458,0.0395,0.0366,0.0366,0.0366,-0.1222,-0.0999,-0.0999,300.00,400.00,400.00
Test,32,7,0.0071,-0.3182,0.0318,0.0308,0.0276,0.0318,0.0318,-0.2913,-0.2913,-0.2913,100.00,100.00,100.00
Test,32,8,0.0337,-1.0447,0.0778,0.0624,0.0531,0.0808,0.0808,-0.0607,0.0624,0.0808,2300.00,65000.00,56100.00
Test,32,9,0.1749,-1.4840,0.7674,0.6913,0.6534,0.7674,0.7674,-0.2587,0.3615,0.7674,1300.00,2000.00,79500.00
Test,33,1,0.0057,-2.7018,-0.2356,-0.1564,-0.0365,-0.2356,-0.2356,-2.2542,-2.2565,-2.3188,27.00,28.00,28.00
Test,33,2,0.0059,-1.5561,-0.2371,-0.1715,-0.0422,-0.2371,-0.2371,-1.0855,-0.1715,-0.2371,39.00,76400.00,70200.00
Test,33,3,0.0067,0.0431,0.0390,0.0346,-0.0384,0.0390,0.0390,0.0000,0.0346,0.0390,400.00,200.00,400.00
Test,33,4,0.0073,-0.0037,0.0699,0.0720,0.0701,0.0701,0.0701,0.0000,0.0720,0.0701,400.00,97500.00,97800.00
Test,33,5,0.0113,0.0851,0.0796,0.0795,0.0716,0.0796,0.0796,0.0000,0.0795,0.0796,96600.00,600.00,500.00
Test,33,6,0.0101,-0.9096,0.0986,0.0868,0.0814,0.0997,0.0997,-0.8545,-0.7560,-0.9106,36.00,100.00,0.00
Test,33,7,0.0210,-0.1284,0.0540,0.0669,0.0802,0.0540,0.0540,0.0637,0.0758,0.0541,1200.00,1300.00,1200.00
Test,33,8,0.0598,-0.0023,0.1318,0.1167,0.1078,0.1349,0.1349,0.1386,0.1167,0.1349,2800.00,57100.00,62100.00
Test,33,9,0.1303,0.2425,0.3721,0.3176,0.2983,0.3721,0.3721,0.2984,0.4301,0.3721,1000.00,2600.00,80800.00
Test,34,1,0.0056,-1.1203,-0.3091,-0.1516,-0.0561,-0.3091,-0.3091,-1.1059,-1.1045,-1.1059,100.00,100.00,100.00
Test,34,2,0.0058,-1.0304,-0.3105,-0.1105,-0.0563,-0.3105,-0.3105,0.0000,-0.1105,-0.3105,86500.00,83000.00,80300.00
Test,34,3,0.0067,0.1382,0.0968,0.0973,0.0937,0.0937,0.0937,0.0000,0.0973,0.0937,72700.00,80800.00,100000.00
Test,34,4,0.0074,-0.3187,0.1076,0.1008,0.0921,0.1076,0.1076,-0.3191,-0.3191,-0.3191,0.00,0.00,0.00
Test,34,5,0.0067,0.1272,0.0984,0.0936,0.0862,0.0984,0.0984,0.0491,0.0936,0.0984,600.00,88000.00,89800.00
Test,34,6,0.0075,-0.8035,0.1188,0.0970,0.0918,0.1188,0.1188,-0.5897,-0.8060,-0.8060,200.00,0.00,0.00
Test,34,7,0.0262,-0.0754,0.0795,0.0837,0.0813,0.0795,0.0795,0.0080,-0.0182,0.0189,2900.00,1800.00,2500.00
Test,34,8,0.0628,-0.2262,0.1707,0.1473,0.1368,0.1707,0.1707,0.0491,0.1473,0.1707,3900.00,30300.00,53100.00
Test,34,9,0.0556,0.3524,0.3766,0.2964,0.2807,0.3766,0.3766,0.4719,0.4602,0.3766,3600.00,2900.00,39800.00
Test,35,1,0.0149,-1.2513,-0.3744,-0.3338,-0.0757,-0.3744,-0.3744,-1.1991,-1.2609,-1.2804,100.00,100.00,100.00
Test,35,2,0.0150,-1.6023,-0.3765,-0.3765,-0.3765,-0.3765,-0.3765,-1.0364,-0.3765,-0.3765,100.00,64400.00,64400.00
Test,35,3,0.0163,-0.2084,0.1115,0.1131,-0.0713,0.1240,0.1240,0.0000,0.1131,0.1240,72500.00,68100.00,71300.00
Test,35,4,0.0156,-0.4331,0.1208,0.1125,0.1064,0.1255,0.1255,0.0000,0.1125,0.1255,95800.00,91800.00,94800.00
Test,35,5,0.0137,0.0201,0.1104,0.1028,0.0954,0.1104,0.1104,0.0715,0.1119,0.1104,600.00,500.00,83700.00
Test,35,6,0.0172,-0.5660,0.1071,0.0988,0.0958,0.0958,0.0958,-0.4215,-0.2600,-0.2679,1400.00,1400.00,1400.00
Test,35,7,0.0421,-0.3945,0.1152,0.0958,0.0887,0.1152,0.1152,-0.3512,-0.2430,-0.3629,5100.00,4500.00,3200.00
Test,35,8,0.0901,-0.3460,0.2017,0.1816,0.1716,0.2017,0.2017,-0.1021,-0.0250,0.0972,7700.00,6800.00,6700.00
Test,35,9,0.0893,0.3631,0.3873,0.4416,0.4405,0.3873,0.3873,0.5447,0.5876,0.4637,3000.00,3500.00,2300.00
Test,36,1,0.0108,-0.8612,-0.3726,-0.3726,-0.3726,-0.3726,-0.3726,-1.0239,-1.1416,-1.1416,100.00,100.00,100.00
Test,36,2,0.0109,-1.8760,-0.3747,-0.3609,-0.1531,-0.3747,-0.3747,-1.9027,-1.9027,-1.9027,0.00,0.00,0.00
Test,36,3,0.0119,-0.4622,0.0277,0.0665,-0.0452,-0.0740,-0.0740,0.0000,0.0665,-0.0740,1100.00,16200.00,900.00
Test,36,4,0.0114,-0.3928,0.0861,0.0933,0.0926,0.0926,0.0926,0.0000,0.0933,0.0926,98600.00,99000.00,89500.00
Test,36,5,0.0092,0.0519,0.0986,0.0852,0.0798,0.0987,0.0987,0.0370,0.0932,0.0987,800.00,1500.00,800.00
Test,36,6,0.0098,-0.3387,0.0751,0.0764,0.0751,0.0751,0.0751,-0.3128,-0.1843,-0.1925,1900.00,1800.00,1700.00
Test,36,7,0.0217,-0.5260,0.0739,0.0361,0.0320,0.0739,0.0739,-0.7076,-0.5966,-0.5486,5200.00,3900.00,4200.00
Test,36,8,0.0724,-1.1882,0.1528,0.1247,0.1146,0.1528,0.1528,-0.6181,-0.4050,-0.2252,5600.00,6400.00,6500.00
Test,36,9,0.2738,0.0234,0.3729,0.4789,0.4838,0.3729,0.3729,0.0197,0.0197,0.3393,0.00,0.00,4200.00
Test,37,1,0.0046,-2.4720,-0.3277,-0.3277,-0.3277,-0.3277,-0.3277,-1.3303,-2.3154,-2.3154,100.00,13.00,13.00
Test,37,2,0.0046,-2.5902,-0.3291,-0.3291,-0.3291,-0.3291,-0.3291,-1.9080,-1.8725,-1.8725,100.00,100.00,100.00
Test,37,3,0.0050,-0.9142,0.0818,0.0864,-0.0618,0.0981,0.0981,0.0000,0.0864,0.0981,73200.00,18300.00,72000.00
Test,37,4,0.0044,-0.4433,0.0754,0.0772,0.0752,0.0752,0.0752,0.0000,0.0772,0.0752,96500.00,93000.00,93100.00
Test,37,5,0.0029,0.0956,0.0886,0.0721,0.0657,0.0886,0.0886,0.0545,0.0781,0.0912,1400.00,1000.00,800.00
Test,37,6,0.0018,-0.0956,0.0567,0.0618,0.0605,0.0605,0.0605,-0.2572,-0.1164,-0.1193,4100.00,4200.00,4200.00
Test,37,7,0.0066,-0.4682,0.0453,-0.0008,-0.0062,0.0453,0.0453,-0.3027,-0.2295,-0.2295,800.00,1300.00,1300.00
Test,37,8,0.0448,-2.5577,0.1215,0.0825,0.0657,0.1215,0.1215,-1.0987,-0.7630,-0.5481,5900.00,7000.00,6900.00
Test,37,9,0.5158,-0.0002,0.5057,0.6402,0.6805,0.5057,0.5057,-0.0040,0.0192,0.4194,0.00,300.00,6100.00